time,fps_avg,fps_max,fps_min,cpu,ram_gb,gpu,vram_mb,gpu_power_w,latency_ms,yolo_ms,lk_ms,kalman_ms,total_pipeline_ms
1772915479.2452905,0.0,0.0,0.0,0.0,0.0,0.0,0.0,0.0,41.925668716430664,7139.710187911987,0.014543533325195312,0.0,7166.250705718994
1772915479.3689845,16.077326845597923,32.017343379058175,0.13731031213766937,57.5,5.694988250732422,1.0,243.0,8.34,46.96452617645264,0.0,0.01049041748046875,0.0,7.189273834228516
1772915479.5913606,12.236393236141494,32.017343379058175,0.13731031213766937,51.3,5.6677398681640625,1.0,243.0,8.34,55.115699768066406,0.0,0.0152587890625,0.0,9.986639022827148
1772915479.7064779,11.258145543378244,32.017343379058175,0.13731031213766937,46.5,5.679405212402344,1.0,243.0,8.35,55.86928129196167,0.0,0.010013580322265625,0.0,4.990100860595703
1772915479.907062,10.003230889816862,32.017343379058175,0.13731031213766937,33.0,5.686176300048828,1.0,243.0,8.34,56.4239501953125,0.0,0.010013580322265625,0.0,4.911661148071289
1772915480.190129,9.137451311977259,32.017343379058175,0.13731031213766937,42.7,5.670146942138672,0.0,243.0,8.32,63.65605195363362,72.6470947265625,0.012636184692382812,0.0,80.00516891479492
1772915480.2948854,8.632091359046145,32.017343379058175,0.13731031213766937,42.6,5.6851654052734375,0.0,243.0,8.35,60.97442763192313,0.0,0.010728836059570312,0.0,6.196737289428711
1772915480.4970512,8.170391188663498,32.017343379058175,0.13731031213766937,39.3,5.686683654785156,0.0,243.0,8.35,59.255897998809814,0.0,0.009059906005859375,0.0,5.8765411376953125
1772915480.7084377,7.789402282249098,32.017343379058175,0.13731031213766937,36.0,5.690746307373047,0.0,243.0,8.37,59.11424424913195,0.0,0.04482269287109375,0.0,6.34002685546875
1772915480.906919,7.512983344334401,32.017343379058175,0.13731031213766937,25.2,5.705879211425781,0.0,243.0,8.37,58.88562202453613,0.0,0.009059906005859375,0.0,5.839347839355469
1772915481.1697848,7.26813221240968,32.017343379058175,0.13731031213766937,32.7,5.692737579345703,0.0,243.0,8.36,59.365424242886625,54.17943000793457,0.012874603271484375,0.0,61.216115951538086
1772915481.280953,7.163789651420994,32.017343379058175,0.13731031213766937,36.0,5.698291778564453,0.0,243.0,8.39,59.71789360046387,0.0,0.010251998901367188,0.0,6.159543991088867
1772915481.3813605,7.39726850143959,32.017343379058175,0.13731031213766937,33.6,5.692409515380859,0.0,243.0,8.36,59.860321191641006,0.0,0.011920928955078125,0.0,8.427619934082031
1772915481.490113,7.512826768019508,32.017343379058175,0.13731031213766937,28.6,5.693408966064453,0.0,243.0,8.36,60.757449695042204,0.0,0.013589859008789062,0.0,6.344318389892578
1772915481.6014957,7.609763799175425,32.017343379058175,0.13731031213766937,33.6,5.7041778564453125,0.0,243.0,8.36,60.07423400878906,0.0,0.014066696166992188,0.0,6.213665008544922
1772915481.8544364,7.437048781731097,32.017343379058175,0.13731031213766937,32.4,5.690708160400391,0.0,243.0,8.35,59.86350774765015,46.52690887451172,0.014066696166992188,0.0,52.805185317993164
1772915481.9580169,7.391405591750853,32.017343379058175,0.13731031213766937,31.1,5.687812805175781,0.0,243.0,8.4,60.65949271706974,0.0,0.011205673217773438,0.0,6.263017654418945
1772915482.1665764,7.247874914672565,32.017343379058175,0.13731031213766937,29.8,5.685550689697266,0.0,243.0,8.42,59.94960996839735,0.0,0.014066696166992188,0.0,6.803274154663086
1772915482.3729746,7.122481397544844,32.017343379058175,0.13731031213766937,27.9,5.6933441162109375,0.0,243.0,8.37,59.59761770148026,0.0,0.015735626220703125,0.0,7.6847076416015625
1772915482.573421,7.014822688396096,32.017343379058175,0.13731031213766937,25.7,5.70501708984375,0.0,243.0,8.37,59.33488607406616,0.0,0.008821487426757812,0.0,6.899356842041016
1772915482.8179743,6.927954220261047,32.017343379058175,0.13731031213766937,22.9,5.692222595214844,0.0,243.0,8.38,58.74013900756836,52.1702766418457,0.010013580322265625,0.0,58.78639221191406
1772915482.9263241,6.8961365289172925,32.017343379058175,0.13731031213766937,27.2,5.704830169677734,0.0,243.0,8.43,57.91630528189919,0.0,0.011682510375976562,0.0,6.589412689208984
1772915483.1289861,6.810560311364972,32.017343379058175,0.13731031213766937,25.7,5.705387115478516,0.0,243.0,8.37,57.28463504625404,0.0,0.012159347534179688,0.0,6.303310394287109
1772915483.3288832,6.734667247382081,32.017343379058175,0.13731031213766937,28.0,5.6963043212890625,0.0,243.0,8.37,56.71734611193339,0.0,0.010251998901367188,0.0,5.788326263427734
1772915483.5260968,6.669539490732473,32.017343379058175,0.13731031213766937,28.0,5.700717926025391,0.0,243.0,8.38,57.356834411621094,0.0,0.012636184692382812,0.0,7.162332534790039
1772915483.6921701,6.744000908803433,32.017343379058175,0.13731031213766937,26.2,5.699275970458984,0.0,243.0,8.37,57.28437350346492,49.613237380981445,0.008344650268554688,0.0,57.02853202819824
1772915483.7988648,6.731661565407013,32.017343379058175,0.13731031213766937,26.6,5.694705963134766,0.0,243.0,8.44,56.816939954404475,0.0,0.01430511474609375,0.0,7.732391357421875
1772915483.9965587,6.670933763075354,32.017343379058175,0.13731031213766937,28.6,5.698829650878906,0.0,243.0,8.39,56.3329883984157,0.0,0.010013580322265625,0.0,6.682157516479492
1772915484.2041771,6.6066117330636365,32.017343379058175,0.13731031213766937,25.4,5.7017059326171875,0.0,243.0,8.4,56.15609267662312,0.0,0.009298324584960938,0.0,6.205558776855469
1772915484.4024582,6.554123917073789,32.017343379058175,0.13731031213766937,28.8,5.698314666748047,0.0,243.0,8.4,55.94398180643718,0.0,0.01049041748046875,0.0,5.768537521362305
1772915484.6639042,6.4989528792809965,32.017343379058175,0.13731031213766937,26.8,5.6923065185546875,0.0,243.0,8.4,55.94908806585496,54.466962814331055,0.009775161743164062,0.0,60.750722885131836
1772915484.7702448,6.490482196497223,32.017343379058175,0.13731031213766937,46.9,5.700145721435547,0.0,243.0,8.45,55.75969070196152,0.0,0.010013580322265625,0.0,6.525278091430664
1772915484.976226,6.440574241832156,32.017343379058175,0.13731031213766937,42.6,5.715496063232422,0.0,243.0,8.39,55.77340270533706,0.0,0.01049041748046875,0.0,6.05463981628418
1772915485.1797628,6.395433047443494,32.017343379058175,0.13731031213766937,26.5,5.705413818359375,0.0,243.0,8.39,55.895251386305866,0.0,0.008821487426757812,0.0,5.753517150878906
1772915485.3852935,6.353333872651658,32.017343379058175,0.13731031213766937,32.4,5.682460784912109,0.0,243.0,8.39,56.09689440046038,0.0,0.014781951904296875,0.0,8.057832717895508
1772915485.5430272,6.428667789297358,32.017343379058175,0.13731031213766937,32.6,5.686550140380859,0.0,243.0,8.38,57.498415311177574,48.70200157165527,0.0171661376953125,0.0,55.53388595581055
1772915485.6485598,6.428338066531453,32.017343379058175,0.13731031213766937,32.2,5.655124664306641,0.0,243.0,8.44,57.62731706773912,0.0,0.009775161743164062,0.0,5.214929580688477
1772915485.8577557,6.387011576366403,32.017343379058175,0.13731031213766937,52.2,5.65411376953125,0.0,243.0,8.4,57.89987037056371,0.0,0.0095367431640625,0.0,8.54635238647461
1772915485.9668922,6.463376770956566,32.017343379058175,0.13731031213766937,51.6,5.662876129150391,0.0,243.0,8.38,57.47527953905937,0.0,0.0152587890625,0.0,10.878801345825195
1772915486.1967852,6.40846129704383,32.017343379058175,0.13731031213766937,53.5,5.663219451904297,0.0,243.0,8.39,57.92788863182068,0.0,0.013828277587890625,0.0,6.44683837890625
1772915486.3314269,6.496305096218698,32.017343379058175,0.13731031213766937,39.5,5.669536590576172,0.0,243.0,8.38,57.54064932102111,35.875797271728516,0.007152557373046875,0.0,41.19372367858887
1772915486.4025145,6.560304470367441,32.017343379058175,0.13731031213766937,36.5,5.677356719970703,0.0,243.0,8.43,57.38157885415213,0.0,0.0059604644775390625,0.0,3.406047821044922
1772915486.4663093,6.770780613414905,32.017343379058175,0.13731031213766937,19.8,5.677364349365234,0.0,243.0,8.42,57.94387639955033,0.0,0.0054836273193359375,0.0,3.145456314086914
1772915486.4889243,7.645561365665941,45.26113371246048,0.13731031213766937,19.8,5.677364349365234,0.0,243.0,8.42,57.466496120799675,0.0,0.0064373016357421875,0.0,3.665924072265625
1772915486.5502746,7.836093866218862,45.26113371246048,0.13731031213766937,19.4,5.676593780517578,0.0,243.0,8.42,57.63913790384929,0.0,0.006198883056640625,0.0,3.337860107421875
1772915486.5893416,10.338092233416868,122.92801875732708,0.13731031213766937,19.4,5.676593780517578,0.0,243.0,8.42,57.25595743759819,30.507802963256836,0.005245208740234375,0.0,34.29269790649414
1772915486.659607,10.32968243432959,122.92801875732708,0.13731031213766937,21.8,5.680370330810547,0.0,243.0,8.43,56.89976570454049,0.0,0.0059604644775390625,0.0,3.981351852416992
1772915486.6884966,10.819100699960119,122.92801875732708,0.13731031213766937,21.8,5.680370330810547,0.0,243.0,8.43,56.47943913936615,0.0,0.0064373016357421875,0.0,3.3097267150878906
1772915486.7534711,10.914477663943348,122.92801875732708,0.13731031213766937,21.2,5.671295166015625,0.0,243.0,8.42,56.712787978503165,0.0,0.00667572021484375,0.0,3.735780715942383
1772915486.7604465,13.429434990857372,136.66234400964453,0.13731031213766937,21.2,5.671295166015625,0.0,243.0,8.42,56.41599655151367,0.0,0.00762939453125,0.0,3.3943653106689453
1772915486.8171413,13.852927455174294,136.66234400964453,0.13731031213766937,21.2,5.671295166015625,0.0,243.0,8.42,56.03656114316454,27.339935302734375,0.0045299530029296875,0.0,31.532764434814453
1772915486.8793066,13.799317653974068,136.66234400964453,0.13731031213766937,24.2,5.666896820068359,0.0,243.0,8.48,56.12668624291054,0.0,0.0054836273193359375,0.0,3.3338069915771484
1772915486.8884084,15.621691578778433,136.66234400964453,0.13731031213766937,24.2,5.666896820068359,0.0,243.0,8.48,55.75494496327526,0.0,0.0064373016357421875,0.0,3.374814987182617
1772915486.95107,15.629227207686757,136.66234400964453,0.13731031213766937,22.9,5.667423248291016,0.0,243.0,8.48,55.93457928410283,0.0,0.00667572021484375,0.0,3.6416053771972656
1772915486.9590168,17.6657457470596,136.66234400964453,0.13731031213766937,22.9,5.667423248291016,0.0,243.0,8.48,55.643632195212625,0.0,0.0064373016357421875,0.0,3.7555694580078125
1772915487.0159054,17.91728918651364,136.66234400964453,0.13731031213766937,22.9,5.667423248291016,0.0,243.0,8.48,55.32979539462498,25.415897369384766,0.0045299530029296875,0.0,29.149293899536133
1772915487.0807836,17.796216755032848,136.66234400964453,0.13731031213766937,25.8,5.670204162597656,0.0,243.0,8.54,55.44908841451009,0.0,0.00667572021484375,0.0,3.2563209533691406
1772915487.0885973,19.70683870674983,136.66234400964453,0.13731031213766937,25.8,5.670204162597656,0.0,243.0,8.54,55.123193510647475,0.0,0.0059604644775390625,0.0,3.295421600341797
1772915487.1497564,19.65052049138543,136.66234400964453,0.13731031213766937,24.4,5.662418365478516,0.0,243.0,8.54,55.27745667150465,0.0,0.006198883056640625,0.0,3.4067630767822266
1772915487.1571164,21.699522667002118,142.59065102838687,0.13731031213766937,24.4,5.662418365478516,0.0,243.0,8.54,54.987502098083496,0.0,0.00667572021484375,0.0,3.7539005279541016
1772915487.2162082,21.846237686098004,142.59065102838687,0.13731031213766937,24.4,5.662418365478516,0.0,243.0,8.54,54.69508640101699,26.22675895690918,0.005245208740234375,0.0,30.228376388549805
1772915487.281769,21.66889612612013,142.59065102838687,0.13731031213766937,23.5,5.652004241943359,0.0,243.0,8.61,54.82251028860769,0.0,0.0064373016357421875,0.0,3.6301612854003906
1772915487.2895815,23.359920756725543,142.59065102838687,0.13731031213766937,23.5,5.652004241943359,0.0,243.0,8.61,54.540244359818715,0.0,0.008106231689453125,0.0,3.643035888671875
1772915487.3508675,23.25060738202302,142.59065102838687,0.13731031213766937,28.7,5.640052795410156,0.0,243.0,8.61,54.70046401023865,0.0,0.0073909759521484375,0.0,3.796100616455078
1772915487.358957,24.880393143247016,142.59065102838687,0.13731031213766937,28.7,5.640052795410156,0.0,243.0,8.61,54.46167358985314,0.0,0.010013580322265625,0.0,4.156827926635742
1772915487.4140542,24.99425767590337,142.59065102838687,0.13731031213766937,28.7,5.640052795410156,0.0,243.0,8.61,54.19243465770374,24.664878845214844,0.0050067901611328125,0.0,28.3966064453125
1772915487.4784193,24.788208427612975,142.59065102838687,0.13731031213766937,19.4,5.654521942138672,0.0,243.0,8.62,54.767323963677704,0.0,0.0064373016357421875,0.0,3.391265869140625
1772915487.489952,25.760439445523506,142.59065102838687,0.13731031213766937,19.4,5.654521942138672,0.0,243.0,8.62,54.50603541205911,0.0,0.0064373016357421875,0.0,3.9224624633789062
1772915487.5499458,25.62578627277861,142.59065102838687,0.13731031213766937,21.7,5.6566925048828125,0.0,243.0,8.62,54.648886556210726,0.0,0.00476837158203125,0.0,3.1838417053222656
1772915487.5574896,27.232658125121482,142.59065102838687,0.13731031213766937,21.7,5.6566925048828125,0.0,243.0,8.62,54.414585658482146,0.0,0.0069141387939453125,0.0,3.4983158111572266
1772915487.6110413,27.302216778330376,142.59065102838687,0.13731031213766937,21.7,5.6566925048828125,0.0,243.0,8.62,54.154882968311576,22.586584091186523,0.00476837158203125,0.0,25.96282958984375
1772915487.6754017,27.081996219804847,142.59065102838687,0.13731031213766937,26.6,5.654651641845703,0.0,243.0,8.68,54.189241594738434,0.0,0.0059604644775390625,0.0,2.9668807983398438
1772915487.688569,27.76418968203375,142.59065102838687,0.13731031213766937,26.6,5.654651641845703,0.0,243.0,8.68,53.94390837786949,0.0,0.00476837158203125,0.0,3.124237060546875
1772915487.7441614,27.631705680509615,142.59065102838687,0.13731031213766937,44.6,5.652259826660156,0.0,243.0,8.68,54.00686006288271,0.0,0.007867813110351562,0.0,3.040313720703125
1772915487.754715,28.490279588533582,142.59065102838687,0.13731031213766937,44.6,5.652259826660156,0.0,243.0,8.68,53.76827875773112,0.0,0.004291534423828125,0.0,2.730846405029297
1772915487.8103974,28.5128080671001,142.59065102838687,0.13731031213766937,44.6,5.652259826660156,0.0,243.0,8.68,53.53274470881412,22.328853607177734,0.003814697265625,0.0,25.304794311523438
1772915487.858269,28.325219291376175,142.59065102838687,0.13731031213766937,19.9,5.669086456298828,0.0,243.0,8.68,53.36007824191799,0.0,0.003337860107421875,0.0,2.0797252655029297
1772915487.8863022,28.41766024309264,142.59065102838687,0.13731031213766937,19.9,5.669086456298828,0.0,243.0,8.68,53.12498104877961,0.0,0.003337860107421875,0.0,1.9900798797607422
1772915487.9282353,28.359474498145136,142.59065102838687,0.13731031213766937,19.6,5.660179138183594,0.0,243.0,8.68,53.00500423093386,0.0,0.003814697265625,0.0,1.943349838256836
1772915487.9530058,28.513475237965594,142.59065102838687,0.13731031213766937,19.6,5.660179138183594,0.0,243.0,8.68,52.77836322784424,0.0,0.0045299530029296875,0.0,2.130270004272461
1772915488.0368528,28.331773080251317,142.59065102838687,0.13731031213766937,14.3,5.667335510253906,0.0,243.0,8.64,52.62862311469184,11.647224426269531,0.002384185791015625,0.0,13.494729995727539
1772915488.0525415,28.430714313518465,142.59065102838687,0.13731031213766937,14.3,5.667335510253906,0.0,243.0,8.64,52.41037868871921,0.0,0.0026226043701171875,0.0,1.7447471618652344
1772915488.0853763,28.453858944057256,142.59065102838687,0.13731031213766937,14.3,5.667335510253906,0.0,243.0,8.64,52.192472549806155,0.0,0.0035762786865234375,0.0,1.6326904296875
1772915488.1515155,28.29458366679659,142.59065102838687,0.13731031213766937,10.8,5.6644134521484375,0.0,243.0,8.7,51.97529281888689,0.0,0.00286102294921875,0.0,1.430511474609375
1772915488.2184682,28.13707254061173,142.59065102838687,0.13731031213766937,9.2,5.668434143066406,0.0,243.0,8.64,51.76763815038345,0.0,0.0026226043701171875,0.0,1.3051033020019531
1772915488.626425,27.839019095519053,142.59065102838687,0.13731031213766937,5.0,5.660121917724609,0.0,243.0,8.54,51.553401836129126,8.291006088256836,0.0050067901611328125,0.0,9.97161865234375
1772915488.6510553,27.860388788793287,142.59065102838687,0.13731031213766937,5.0,5.660121917724609,0.0,243.0,8.54,51.34772980350188,0.0,0.0019073486328125,0.0,0.9350776672363281
1772915488.6842132,27.886135321619506,142.59065102838687,0.13731031213766937,5.0,5.660121917724609,0.0,243.0,8.54,51.14489522847263,0.0,0.002384185791015625,0.0,0.8976459503173828
1772915488.9177144,27.620953685121734,142.59065102838687,0.13731031213766937,7.4,5.632823944091797,0.0,243.0,8.57,50.94534359621198,0.0,0.002384185791015625,0.0,1.0285377502441406
1772915489.1177256,27.369556546236083,142.59065102838687,0.13731031213766937,4.2,5.6600189208984375,0.0,243.0,8.52,50.75089931488037,0.0,0.0019073486328125,0.0,0.8473396301269531
1772915489.2254188,27.17864861580336,142.59065102838687,0.13731031213766937,5.0,5.646167755126953,0.0,243.0,8.47,50.56033291659512,7.433652877807617,0.001430511474609375,0.0,8.507966995239258
1772915489.284791,27.045858630380977,142.59065102838687,0.13731031213766937,5.0,5.646167755126953,0.0,243.0,8.47,50.37525684937187,0.0,0.0021457672119140625,0.0,1.0447502136230469
1772915489.31767,27.07979339270219,142.59065102838687,0.13731031213766937,5.9,5.652088165283203,0.0,243.0,8.52,50.1915229264126,0.0,0.0019073486328125,0.0,0.8149147033691406
1772915489.4179082,26.89785062870447,142.59065102838687,0.13731031213766937,3.4,5.646797180175781,0.0,243.0,8.53,50.01340521142838,0.0,0.0021457672119140625,0.0,0.8254051208496094
1772915489.5854564,26.677737092112544,142.59065102838687,0.13731031213766937,5.9,5.6465606689453125,0.0,243.0,8.54,49.84162983141447,0.0,0.00286102294921875,0.0,1.3418197631835938
1772915490.0932136,26.42067014092471,142.59065102838687,0.13731031213766937,4.2,5.6435699462890625,0.0,243.0,8.51,49.671692152818046,7.657289505004883,0.0026226043701171875,0.0,8.925199508666992
1772915490.120137,26.445275898992193,142.59065102838687,0.13731031213766937,7.1,5.64227294921875,0.0,243.0,8.51,49.51925130234551,0.0,0.00286102294921875,0.0,1.1377334594726562
1772915490.2183995,26.27897349813225,142.59065102838687,0.13731031213766937,8.7,5.6341094970703125,0.0,243.0,8.58,49.35439265504176,0.0,0.0021457672119140625,0.0,0.8568763732910156
1772915490.3532014,26.088804151963185,142.59065102838687,0.13731031213766937,6.9,5.623561859130859,0.0,243.0,8.58,49.200631151295674,0.0,0.0019073486328125,0.0,1.4684200286865234
1772915490.752801,25.85291986013803,142.59065102838687,0.13731031213766937,6.7,5.653781890869141,0.0,243.0,8.53,49.04677391052246,0.0,0.001430511474609375,0.0,1.1284351348876953
1772915490.793514,25.896850425728797,142.59065102838687,0.13731031213766937,6.7,5.653781890869141,0.0,243.0,8.53,48.892597160717045,7.541179656982422,0.002384185791015625,0.0,8.814334869384766
1772915490.8203878,25.924345755501232,142.59065102838687,0.13731031213766937,9.6,5.656246185302734,0.0,243.0,8.53,48.75601974188113,0.0,0.0019073486328125,0.0,0.8623600006103516
1772915490.853343,25.970818880129407,142.59065102838687,0.13731031213766937,9.6,5.656246185302734,0.0,243.0,8.53,48.61439547492463,0.0,0.0026226043701171875,0.0,1.2505054473876953
1772915490.88581,26.014930994204544,142.59065102838687,0.13731031213766937,9.6,5.656246185302734,0.0,243.0,8.53,48.46943341768705,0.0,0.0026226043701171875,0.0,0.9970664978027344
1772915490.9869804,25.861710312005943,142.59065102838687,0.13731031213766937,10.8,5.658939361572266,0.0,243.0,8.58,48.33365167890277,0.0,0.0035762786865234375,0.0,1.4126300811767578
1772915491.0322022,25.89977868428689,142.59065102838687,0.13731031213766937,9.2,5.645832061767578,0.0,243.0,8.58,48.201315807846356,11.674642562866211,0.0019073486328125,0.0,13.200998306274414
1772915491.0526893,25.943174437611315,142.59065102838687,0.13731031213766937,9.2,5.645832061767578,0.0,243.0,8.58,48.06572031751971,0.0,0.0019073486328125,0.0,0.9508132934570312
1772915491.0869036,25.976934280463958,142.59065102838687,0.13731031213766937,9.2,5.645832061767578,0.0,243.0,8.58,47.93672429190742,0.0,0.002384185791015625,0.0,1.367330551147461
1772915491.1203876,26.01197032097408,142.59065102838687,0.13731031213766937,18.3,5.660911560058594,0.0,243.0,8.64,47.81199595250121,0.0,0.0019073486328125,0.0,1.2853145599365234
1772915491.1876655,25.91120063580085,142.59065102838687,0.13731031213766937,18.3,5.660911560058594,0.0,243.0,8.64,47.69210381941362,0.0,0.007152557373046875,0.0,1.5683174133300781
1772915491.2303016,25.946106091061683,142.59065102838687,0.13731031213766937,20.8,5.685123443603516,0.0,243.0,8.62,47.57633080353608,8.975982666015625,0.00286102294921875,0.0,10.629415512084961
1772915491.2539492,25.985887808245614,142.59065102838687,0.13731031213766937,20.8,5.685123443603516,0.0,243.0,8.62,47.45849541255406,0.0,0.0026226043701171875,0.0,1.3844966888427734
1772915491.2875586,26.019889427414302,142.59065102838687,0.13731031213766937,20.8,5.685123443603516,0.0,243.0,8.62,47.34424785175155,0.0,0.0026226043701171875,0.0,1.4710426330566406
1772915491.3205512,26.05730543295623,142.59065102838687,0.13731031213766937,21.8,5.744876861572266,0.0,243.0,8.59,47.22905577274791,0.0,0.0040531158447265625,0.0,1.4481544494628906
1772915491.354155,26.090345799697484,142.59065102838687,0.13731031213766937,21.8,5.744876861572266,0.0,243.0,8.59,47.11706120034923,0.0,0.002384185791015625,0.0,1.5459060668945312
1772915491.3971786,26.124259158660568,142.59065102838687,0.13731031213766937,21.8,5.744876861572266,0.0,243.0,8.59,47.0065741703428,9.60087776184082,0.0026226043701171875,0.0,11.271476745605469
1772915491.43108,26.09680871534636,142.59065102838687,0.13731031213766937,21.7,5.7360382080078125,0.0,243.0,8.57,46.985913545657425,0.0,0.0030994415283203125,0.0,1.5277862548828125
1772915491.4877925,26.024362378158802,142.59065102838687,0.13731031213766937,21.7,5.7360382080078125,0.0,243.0,8.57,46.88318907204321,0.0,0.0021457672119140625,0.0,1.2562274932861328
1772915491.5215027,26.05582996563331,142.59065102838687,0.13731031213766937,20.6,5.768470764160156,0.0,243.0,8.62,46.78417854950208,0.0,0.002384185791015625,0.0,1.3661384582519531
1772915491.554508,26.091913055109035,142.59065102838687,0.13731031213766937,20.6,5.768470764160156,0.0,243.0,8.62,46.68310681978861,0.0,0.002384185791015625,0.0,1.4727115631103516
1772915491.5990462,26.123109868130275,142.59065102838687,0.13731031213766937,20.6,5.768470764160156,0.0,243.0,8.62,46.58475198036383,10.457515716552734,0.0035762786865234375,0.0,12.526512145996094
1772915491.632013,26.094415433346136,142.59065102838687,0.13731031213766937,21.2,5.762325286865234,0.0,243.0,8.59,46.576931828358134,0.0,0.0019073486328125,0.0,1.2927055358886719
1772915491.654995,26.242251700486573,142.59065102838687,0.13731031213766937,21.2,5.762325286865234,0.0,243.0,8.59,46.481669433717805,0.0,0.0030994415283203125,0.0,1.6663074493408203
1772915491.6878703,26.274132623253692,142.59065102838687,0.13731031213766937,21.2,5.762325286865234,0.0,243.0,8.59,46.38602464429794,0.0,0.00286102294921875,0.0,1.4429092407226562
1772915491.7210147,26.30641291178784,142.59065102838687,0.13731031213766937,26.9,5.762729644775391,0.0,243.0,8.63,46.28901481628418,0.0,0.00286102294921875,0.0,1.5969276428222656
1772915491.8328307,26.17621646817547,142.59065102838687,0.13731031213766937,19.0,5.888664245605469,0.0,243.0,8.62,46.200901742965456,10.505437850952148,0.0021457672119140625,0.0,12.411832809448242
1772915491.8547761,26.21123721938135,142.59065102838687,0.13731031213766937,19.0,5.888664245605469,0.0,243.0,8.62,46.1086588581716,0.0,0.0030994415283203125,0.0,1.7061233520507812
1772915491.888266,26.240818713351143,142.59065102838687,0.13731031213766937,19.0,5.888664245605469,0.0,243.0,8.62,46.01770453155041,0.0,0.00667572021484375,0.0,1.8529891967773438
1772915491.9549587,26.15353408572127,142.59065102838687,0.13731031213766937,23.7,5.904994964599609,0.0,243.0,8.67,45.92847269634868,0.0,0.003337860107421875,0.0,1.804351806640625
1772915491.9878962,26.18354583216413,142.59065102838687,0.13731031213766937,23.7,5.904994964599609,0.0,243.0,8.67,45.839973596426155,0.0,0.0035762786865234375,0.0,1.4758110046386719
1772915492.0289586,26.213512773629034,142.59065102838687,0.13731031213766937,11.9,5.929401397705078,0.0,243.0,8.6,45.75173545429725,7.950067520141602,0.0019073486328125,0.0,9.325027465820312
1772915492.1203816,26.090946557527555,142.59065102838687,0.13731031213766937,7.4,5.929954528808594,0.0,243.0,8.64,45.661711331569784,0.0,0.0019073486328125,0.0,1.0974407196044922
1772915492.153642,26.120918839898557,142.59065102838687,0.13731031213766937,7.4,5.929954528808594,0.0,243.0,8.64,45.572232483024884,0.0,0.0019073486328125,0.0,1.1055469512939453
1772915492.1868515,26.149771382177338,142.59065102838687,0.13731031213766937,7.4,5.929954528808594,0.0,243.0,8.64,45.48403220390206,0.0,0.0019073486328125,0.0,0.9720325469970703
1772915492.2200367,26.179033371497773,142.59065102838687,0.13731031213766937,11.4,5.929729461669922,0.0,243.0,8.58,45.39614959999367,0.0,0.0019073486328125,0.0,0.9338855743408203
1772915492.2947102,26.096536522217153,142.59065102838687,0.13731031213766937,11.4,5.929729461669922,0.0,243.0,8.58,45.31055513550253,7.579565048217773,0.0021457672119140625,0.0,8.758544921875
1772915492.3201263,26.1253632868475,142.59065102838687,0.13731031213766937,10.9,5.764610290527344,0.0,243.0,8.59,45.22567247822337,0.0,0.0021457672119140625,0.0,0.8935928344726562
1772915492.3544407,26.149293433180745,142.59065102838687,0.13731031213766937,10.9,5.764610290527344,0.0,243.0,8.59,45.146553412727684,0.0,0.0021457672119140625,0.0,1.2226104736328125
1772915492.3882375,26.174199030870664,142.59065102838687,0.13731031213766937,10.9,5.764610290527344,0.0,243.0,8.59,45.071558986636376,0.0,0.002384185791015625,0.0,1.2526512145996094
1772915492.42106,26.204500679029888,142.59065102838687,0.13731031213766937,13.3,5.792778015136719,0.0,243.0,8.61,44.99421460287911,0.0,0.0026226043701171875,0.0,1.1970996856689453
1772915492.4961143,26.125329614087935,142.59065102838687,0.13731031213766937,13.3,5.792778015136719,0.0,243.0,8.61,44.916345718059134,8.210182189941406,0.002384185791015625,0.0,9.763956069946289
1772915492.521612,26.146352182151336,142.59065102838687,0.13731031213766937,13.3,5.804744720458984,0.0,243.0,8.64,44.84658677813033,0.0,0.0019073486328125,0.0,0.9162425994873047
1772915492.5538464,26.18046876727712,142.59065102838687,0.13731031213766937,13.3,5.804744720458984,0.0,243.0,8.64,44.76994401091462,0.0,0.0019073486328125,0.0,0.9181499481201172
1772915492.9544103,26.016012644158724,142.59065102838687,0.13731031213766937,4.2,5.866703033447266,6.0,243.0,8.65,44.69383259614309,0.0,0.00286102294921875,0.0,1.2862682342529297
1772915493.054354,25.90531381125521,142.59065102838687,0.13731031213766937,7.6,5.861347198486328,6.0,243.0,8.61,44.6207490460626,0.0,0.0019073486328125,0.0,0.8771419525146484
1772915493.110443,25.932166028914487,142.59065102838687,0.13731031213766937,7.6,5.861347198486328,6.0,243.0,8.61,44.549847302371504,16.405820846557617,0.7264614105224609,0.031948089599609375,23.43297004699707
1772915493.6898053,25.767094417265618,142.59065102838687,0.13731031213766937,3.4,5.8443450927734375,0.0,243.0,8.6,44.47719839965405,0.0,1.766204833984375,0.04649162292480469,2.7904510498046875
1772915493.8224912,25.64361646337867,142.59065102838687,0.13731031213766937,5.0,5.833812713623047,0.0,243.0,8.55,44.40583892770716,0.0,0.9248256683349609,0.043392181396484375,2.006053924560547
1772915493.8558564,25.67196948192126,142.59065102838687,0.13731031213766937,5.0,5.833812713623047,0.0,243.0,8.55,44.336272566110495,0.0,0.9074211120605469,0.043392181396484375,1.8913745880126953
1772915493.9895484,25.550731591734905,142.59065102838687,0.13731031213766937,6.6,5.8489532470703125,0.0,243.0,8.55,44.26865895589193,0.0,0.9319782257080078,0.043392181396484375,2.006053924560547
1772915494.0347047,25.583351404653325,142.59065102838687,0.13731031213766937,4.1,5.844612121582031,0.0,243.0,8.55,44.19834092752823,7.661104202270508,1.0771751403808594,0.03647804260253906,14.348030090332031
1772915494.0564349,25.610874701906948,142.59065102838687,0.13731031213766937,4.1,5.844612121582031,0.0,243.0,8.55,44.13051667966341,0.0,1.1703968048095703,0.045299530029296875,2.4824142456054688
1772915494.2231245,25.482636078141713,142.59065102838687,0.13731031213766937,5.0,5.835041046142578,0.0,243.0,8.62,44.06458256291408,0.0,1.0979175567626953,0.04744529724121094,2.237558364868164
1772915494.2568326,25.511167750765054,142.59065102838687,0.13731031213766937,5.0,5.835041046142578,0.0,243.0,8.62,44.00024321172145,0.0,1.0535717010498047,0.05125999450683594,2.4733543395996094
1772915494.2902298,25.540608323279887,142.59065102838687,0.13731031213766937,5.0,5.835041046142578,0.0,243.0,8.62,43.93604647728705,0.0,1.1925697326660156,0.05793571472167969,2.6216506958007812
1772915494.331489,25.569645191904993,142.59065102838687,0.13731031213766937,5.9,5.830631256103516,0.0,243.0,8.56,43.8720186551412,8.137702941894531,1.004934310913086,0.03743171691894531,10.62774658203125
1772915494.3568754,25.595924197117213,142.59065102838687,0.13731031213766937,5.9,5.830631256103516,0.0,243.0,8.56,43.81083075407963,0.0,1.1870861053466797,0.049114227294921875,2.3398399353027344
1772915494.4235084,25.528935209511154,142.59065102838687,0.13731031213766937,5.9,5.820835113525391,0.0,243.0,8.62,43.74978361250479,0.0,1.0683536529541016,0.05364418029785156,2.357959747314453
1772915494.4574177,25.55847755517724,142.59065102838687,0.13731031213766937,5.9,5.820835113525391,0.0,243.0,8.62,43.687784446860256,0.0,1.4908313751220703,0.08177757263183594,3.1766891479492188
1772915494.490512,25.58603629880834,142.59065102838687,0.13731031213766937,5.9,5.820835113525391,0.0,243.0,8.62,43.626633286476135,0.0,1.584768295288086,0.048160552978515625,2.9082298278808594
1772915494.5315819,25.611337570660915,142.59065102838687,0.13731031213766937,5.8,5.829006195068359,0.0,243.0,8.63,43.56846898238852,7.850170135498047,0.9586811065673828,0.033855438232421875,10.26296615600586
1772915494.5586424,25.631713738940007,142.59065102838687,0.13731031213766937,5.8,5.829006195068359,0.0,243.0,8.63,43.51861535766979,0.0,0.9810924530029297,0.0457763671875,2.735614776611328
1772915494.5898156,25.667887645423892,142.59065102838687,0.13731031213766937,5.8,5.829006195068359,0.0,243.0,8.63,43.45931304744416,0.0,1.0533332824707031,0.046253204345703125,2.1893978118896484
1772915494.622868,25.69549892980878,142.59065102838687,0.13731031213766937,8.3,5.820217132568359,6.0,243.0,8.68,43.399267080353525,0.0,0.9582042694091797,0.04458427429199219,2.126932144165039
1772915494.689853,25.63031093999825,142.59065102838687,0.13731031213766937,8.3,5.820217132568359,6.0,243.0,8.68,43.341294201937586,0.0,0.9570121765136719,0.0438690185546875,2.1758079528808594
1772915494.7310927,25.65739912252224,142.59065102838687,0.13731031213766937,6.7,5.828865051269531,6.0,243.0,8.68,43.28302877495088,7.899999618530273,0.9617805480957031,0.034809112548828125,10.222434997558594
1772915495.091503,25.52004683483895,142.59065102838687,0.13731031213766937,6.7,5.844875335693359,6.0,243.0,8.73,43.23009245409936,0.0,1.2824535369873047,0.049591064453125,2.9227733612060547
1772915495.3234963,25.39369361375414,142.59065102838687,0.13731031213766937,5.0,5.837898254394531,6.0,243.0,8.68,43.174547808510916,0.0,0.9586811065673828,0.04458427429199219,1.9676685333251953
1772915495.9246578,25.253285951933456,142.59065102838687,0.13731031213766937,5.0,5.832508087158203,0.0,243.0,8.51,43.12121656519422,0.0,1.2707710266113281,0.0457763671875,2.4547576904296875
1772915495.991298,25.193066408673253,142.59065102838687,0.13731031213766937,5.0,5.832508087158203,0.0,243.0,8.51,43.06782834670123,0.0,1.264333724975586,0.06580352783203125,2.4988651275634766
1772915496.1325884,25.0895850540572,142.59065102838687,0.13731031213766937,5.1,5.830081939697266,0.0,243.0,8.5,43.014767574287994,8.168220520019531,0.9901523590087891,0.03647804260253906,10.416746139526367
1772915496.1576772,25.119054672685575,142.59065102838687,0.13731031213766937,5.1,5.830081939697266,0.0,243.0,8.5,42.961174665495406,0.0,1.0819435119628906,0.04982948303222656,2.3467540740966797
1772915496.1914265,25.146694785329018,142.59065102838687,0.13731031213766937,5.1,5.830081939697266,0.0,243.0,8.5,42.90870986232868,0.0,1.3346672058105469,0.06365776062011719,2.6519298553466797
1772915496.22424,25.174101766060552,142.59065102838687,0.13731031213766937,8.9,5.838001251220703,0.0,243.0,8.55,42.85725505872705,0.0,0.9560585021972656,0.043392181396484375,2.0377635955810547
1772915496.2574723,25.201785232794865,142.59065102838687,0.13731031213766937,8.9,5.838001251220703,0.0,243.0,8.55,42.806137629917686,0.0,0.9858608245849609,0.043392181396484375,1.9581317901611328
1772915496.2992458,25.228140879543766,142.59065102838687,0.13731031213766937,8.9,5.838001251220703,0.0,243.0,8.55,42.75648295879364,7.898092269897461,0.9975433349609375,0.03528594970703125,10.221004486083984
1772915496.614892,25.103058717507427,142.59065102838687,0.13731031213766937,4.2,5.846172332763672,0.0,243.0,8.63,42.840513132386285,0.0,0.9844303131103516,0.04458427429199219,2.094745635986328
1772915496.6250358,25.536497741745794,142.59065102838687,0.13731031213766937,4.2,5.846172332763672,0.0,243.0,8.63,42.79114423173197,0.0,1.0144710540771484,0.06651878356933594,2.457141876220703
1772915496.659146,25.559286979714763,142.59065102838687,0.13731031213766937,4.2,5.846172332763672,0.0,243.0,8.63,42.74461256059189,0.0,1.3124942779541016,0.05817413330078125,2.7985572814941406
1772915496.713632,25.517894036046457,142.59065102838687,0.13731031213766937,7.4,5.854854583740234,0.0,243.0,8.63,42.82007614771525,0.0,0.9884834289550781,0.04363059997558594,2.0668506622314453
1772915496.7328937,25.87050930193754,142.59065102838687,0.13731031213766937,7.4,5.854854583740234,0.0,243.0,8.63,42.772256208388185,7.818698883056641,0.9708404541015625,0.03600120544433594,10.134458541870117
1772915496.7580006,25.89346466999241,142.59065102838687,0.13731031213766937,7.4,5.854854583740234,0.0,243.0,8.63,42.72453994541378,0.0,0.9756088256835938,0.04410743713378906,1.962900161743164
1772915496.8144865,25.849237284713638,142.59065102838687,0.13731031213766937,6.7,5.868778228759766,0.0,243.0,8.69,42.8020654480314,0.0,1.0066032409667969,0.04863739013671875,2.268552780151367
1772915496.825209,26.222619081138408,142.59065102838687,0.13731031213766937,6.7,5.868778228759766,0.0,243.0,8.69,42.754942956178084,0.0,1.0569095611572266,0.056743621826171875,2.4094581604003906
1772915496.9158611,26.141313000811387,142.59065102838687,0.13731031213766937,5.0,5.868507385253906,0.0,243.0,8.7,42.8311657261204,0.0,1.8579959869384766,0.09107589721679688,3.6253929138183594
1772915496.9329271,26.51624449949053,142.59065102838687,0.13731031213766937,5.0,5.868507385253906,0.0,243.0,8.7,42.78330777281074,7.989406585693359,0.9379386901855469,0.034809112548828125,10.265350341796875
1772915496.9586556,26.53424572483664,142.59065102838687,0.13731031213766937,5.0,5.868507385253906,0.0,243.0,8.7,42.73653795374906,0.0,1.230478286743164,0.04601478576660156,2.529144287109375
1772915497.0156178,26.48557758349293,142.59065102838687,0.13731031213766937,6.7,5.868747711181641,0.0,243.0,8.74,42.818806272871946,0.0,0.9148120880126953,0.042438507080078125,1.9698143005371094
1772915497.0247226,26.924870050172334,142.59065102838687,0.13731031213766937,6.7,5.868747711181641,0.0,243.0,8.74,42.77202944276194,0.0,0.9610652923583984,0.04410743713378906,1.9431114196777344
1772915497.0583951,26.940063019653735,142.59065102838687,0.13731031213766937,6.7,5.868747711181641,0.0,243.0,8.74,42.72673381002326,0.0,0.9362697601318359,0.04410743713378906,2.0711421966552734
1772915497.1231978,26.89105392249423,142.59065102838687,0.13731031213766937,5.1,5.862705230712891,0.0,243.0,8.75,42.8050987383458,7.649898529052734,1.0251998901367188,0.03838539123535156,9.988546371459961
1772915497.1259925,27.230660257350834,142.59065102838687,0.13731031213766937,5.1,5.862705230712891,0.0,243.0,8.75,42.765469600756965,0.0,0.8909702301025391,0.03933906555175781,1.9254684448242188
1772915497.2163908,27.146909505610694,142.59065102838687,0.13731031213766937,6.7,5.858787536621094,0.0,243.0,8.82,42.848778512193746,0.0,0.9584426879882812,0.04291534423828125,1.9633769989013672
1772915497.2246604,27.63140292136869,142.59065102838687,0.13731031213766937,6.7,5.858787536621094,0.0,243.0,8.82,42.80183610227919,0.0,0.9367465972900391,0.041961669921875,1.978158950805664
1772915497.5254152,27.50676753625544,142.59065102838687,0.13731031213766937,5.8,5.85693359375,0.0,243.0,8.7,42.75697194612943,0.0,0.9829998016357422,0.05435943603515625,2.207517623901367
1772915497.63335,27.41746340422737,142.59065102838687,0.13731031213766937,4.2,5.856231689453125,0.0,243.0,8.69,42.712038877059,7.745981216430664,0.9703636169433594,0.03504753112792969,10.173797607421875
1772915497.7251925,27.32906990978452,142.59065102838687,0.13731031213766937,5.0,5.857738494873047,0.0,243.0,8.74,42.66699921661222,0.0,0.9908676147460938,0.04410743713378906,2.0554065704345703
1772915497.7592208,27.340222850203162,142.59065102838687,0.13731031213766937,5.0,5.857738494873047,0.0,243.0,8.74,42.62493114278774,0.0,1.1434555053710938,0.04363059997558594,2.227306365966797
1772915497.9256663,27.232991229433104,142.59065102838687,0.13731031213766937,5.0,5.868690490722656,0.0,243.0,8.69,42.58252867502184,0.0,1.0077953338623047,0.044345855712890625,2.0384788513183594
1772915498.0131586,27.129488562917736,142.59065102838687,0.13731031213766937,5.0,5.858802795410156,0.0,243.0,8.68,42.64479398727417,0.0,0.9927749633789062,0.04315376281738281,1.9671916961669922
1772915498.0351658,27.533539886795445,142.59065102838687,1.6647987660583488,5.0,5.858802795410156,0.0,243.0,8.68,42.605634927749634,8.617639541625977,1.2946128845214844,0.04100799560546875,11.557579040527344
1772915498.2140791,27.537324884648623,142.59065102838687,1.6647987660583488,4.2,5.844882965087891,0.0,243.0,8.68,42.62417793273926,0.0,0.9746551513671875,0.0476837158203125,2.0432472229003906
1772915498.2596893,27.606322493987843,142.59065102838687,1.6647987660583488,4.2,5.844882965087891,0.0,243.0,8.68,42.43877410888672,0.0,1.256704330444336,0.046253204345703125,2.3348331451416016
1772915498.3258426,27.65689841273291,142.59065102838687,1.6647987660583488,5.9,5.844207763671875,0.0,243.0,8.62,42.31848478317261,0.0,0.9617805480957031,0.0476837158203125,2.034902572631836
1772915498.3590677,27.783619324845443,142.59065102838687,1.6647987660583488,5.9,5.844207763671875,0.0,243.0,8.62,42.19535946846008,0.0,0.9188652038574219,0.04506111145019531,1.955270767211914
1772915498.4210398,27.848845778084208,142.59065102838687,1.6647987660583488,4.2,5.847812652587891,0.0,243.0,8.62,41.9686758518219,7.93147087097168,0.8938312530517578,0.03719329833984375,10.106801986694336
1772915499.113476,27.831202928358767,142.59065102838687,1.4275629006220714,5.0,5.8343658447265625,0.0,243.0,8.66,42.016392946243286,0.0,0.9913444519042969,0.04291534423828125,2.0487308502197266
1772915499.1262,28.201860693753545,142.59065102838687,1.4275629006220714,5.0,5.8343658447265625,0.0,243.0,8.66,41.94929838180542,0.0,0.9849071502685547,0.04887580871582031,2.033233642578125
1772915499.159844,28.326199235564843,142.59065102838687,1.4275629006220714,5.0,5.8343658447265625,0.0,243.0,8.66,41.82959318161011,0.0,0.9438991546630859,0.04601478576660156,2.0856857299804688
1772915499.2152395,28.393707686352524,142.59065102838687,1.4275629006220714,5.9,5.848865509033203,0.0,243.0,8.6,41.82277202606201,0.0,1.4040470123291016,0.06103515625,2.695798873901367
1772915499.2352715,28.780898729141263,142.59065102838687,1.4275629006220714,5.9,5.848865509033203,0.0,243.0,8.6,41.67266607284546,8.357048034667969,0.9644031524658203,0.03695487976074219,10.69188117980957
1772915499.3146827,28.787117431436805,142.59065102838687,1.4275629006220714,6.7,5.856101989746094,0.0,243.0,8.66,41.62899732589722,0.0,1.1856555938720703,0.04887580871582031,2.6633739471435547
1772915499.3603182,28.850886062879706,142.59065102838687,1.4275629006220714,6.7,5.856101989746094,0.0,243.0,8.66,41.492217779159546,0.0,1.035928726196289,0.05269050598144531,2.2263526916503906
1772915499.559976,28.83098058211122,142.59065102838687,1.4275629006220714,4.2,5.848339080810547,0.0,243.0,8.67,41.29924297332764,0.0,1.0628700256347656,0.04673004150390625,2.1119117736816406
1772915499.6265953,28.88193144040729,142.59065102838687,1.4275629006220714,4.2,5.850971221923828,0.0,243.0,8.6,41.2158739566803,0.0,0.9257793426513672,0.04363059997558594,2.0003318786621094
1772915499.6693947,28.999514939013707,142.59065102838687,1.4275629006220714,4.2,5.850971221923828,0.0,243.0,8.6,41.10107064247131,8.962869644165039,1.130819320678711,0.03981590270996094,11.532783508300781
1772915499.7272356,29.050384879246923,142.59065102838687,1.4275629006220714,6.7,5.84375,0.0,243.0,8.6,40.904074907302856,0.0,0.9367465972900391,0.045299530029296875,2.3925304412841797
1772915499.761384,29.176365691097764,142.59065102838687,1.4275629006220714,6.7,5.84375,0.0,243.0,8.6,40.83487033843994,0.0,1.4357566833496094,0.05793571472167969,3.1120777130126953
1772915499.8146675,29.24366284651051,142.59065102838687,1.4275629006220714,5.8,5.837970733642578,0.0,243.0,8.66,40.84427237510681,0.0,0.9107589721679688,0.04363059997558594,1.962900161743164
1772915499.8275995,29.6195496875106,142.59065102838687,1.4275629006220714,5.8,5.837970733642578,0.0,243.0,8.66,40.74397325515747,0.0,1.1777877807617188,0.04482269287109375,2.3920536041259766
1772915499.9683447,29.62603339745556,142.59065102838687,1.4275629006220714,5.0,5.848304748535156,0.0,243.0,8.65,40.6790030002594,7.750749588012695,0.9462833404541016,0.03552436828613281,10.129690170288086
1772915500.027138,29.676463184532896,142.59065102838687,1.4275629006220714,5.9,5.840854644775391,0.0,243.0,8.64,40.64572215080261,0.0,0.9932518005371094,0.04410743713378906,2.0935535430908203
1772915500.2271664,29.676517847812296,142.59065102838687,1.4275629006220714,5.0,5.847900390625,0.0,243.0,8.7,40.59776782989502,0.0,1.0366439819335938,0.04863739013671875,2.1219253540039062
1772915500.3148959,29.708039386109,142.59065102838687,1.4275629006220714,5.8,5.84686279296875,0.0,243.0,8.71,40.65421104431152,0.0,0.9045600891113281,0.04982948303222656,1.9731521606445312
1772915500.8280015,29.674593177598005,142.59065102838687,1.4275629006220714,4.2,5.84613037109375,0.0,243.0,8.67,40.46119570732117,0.0,1.0285377502441406,0.04982948303222656,2.1893978118896484
1772915501.1226602,29.65989593734836,142.59065102838687,1.4275629006220714,3.4,5.843761444091797,0.0,243.0,8.61,40.454241037368774,7.701396942138672,0.9632110595703125,0.03337860107421875,9.994029998779297
1772915501.1275659,30.022312771495642,142.59065102838687,1.4275629006220714,3.4,5.843761444091797,0.0,243.0,8.61,40.39934277534485,0.0,0.9353160858154297,0.043392181396484375,1.9378662109375
1772915501.1614237,30.14708060781067,142.59065102838687,1.4275629006220714,3.4,5.843761444091797,0.0,243.0,8.61,40.353357791900635,0.0,0.9365081787109375,0.043392181396484375,2.0503997802734375
1772915501.261204,30.172207375656498,142.59065102838687,1.4275629006220714,5.9,5.842922210693359,0.0,243.0,8.6,40.265713930130005,0.0,0.9434223175048828,0.04172325134277344,2.1505355834960938
1772915501.5281246,30.166692068671736,142.59065102838687,1.4275629006220714,5.0,5.8308563232421875,0.0,243.0,8.6,40.18548846244812,0.0,1.0485649108886719,0.048160552978515625,2.139568328857422
1772915501.6361558,30.185662418585903,142.59065102838687,1.4275629006220714,5.8,5.854156494140625,0.0,243.0,8.61,40.07320523262024,7.791042327880859,1.041412353515625,0.03647804260253906,10.201215744018555
1772915501.7282243,30.211455619706292,142.59065102838687,1.4275629006220714,5.0,5.855674743652344,0.0,243.0,8.65,39.99281644821167,0.0,0.9958744049072266,0.049591064453125,2.032756805419922
1772915502.1294487,30.19935342082991,142.59065102838687,1.4275629006220714,5.0,5.844337463378906,0.0,243.0,8.65,39.88142251968384,0.0,1.2431144714355469,0.07772445678710938,2.844095230102539
1772915502.1630204,30.32278486490576,142.59065102838687,1.4275629006220714,5.0,5.844337463378906,0.0,243.0,8.65,39.75430130958557,0.0,1.2099742889404297,0.04506111145019531,2.5014877319335938
1772915502.2138524,30.375138566550127,142.59065102838687,1.4275629006220714,5.0,5.858600616455078,0.0,243.0,8.66,39.70183491706848,0.0,0.9455680847167969,0.0438690185546875,2.010822296142578
1772915502.2375388,30.6661901664019,142.59065102838687,1.4275629006220714,5.0,5.858600616455078,0.0,243.0,8.66,39.34229373931885,7.835865020751953,0.9458065032958984,0.03409385681152344,10.152816772460938
1772915502.3287385,30.69236577342633,142.59065102838687,1.4275629006220714,5.9,5.8488616943359375,0.0,243.0,8.62,39.20045733451843,0.0,1.0251998901367188,0.045299530029296875,2.0172595977783203
1772915502.8631845,30.654717145184822,142.59065102838687,1.4275629006220714,4.2,5.859066009521484,0.0,243.0,8.61,39.0305233001709,0.0,1.1742115020751953,0.04744529724121094,2.6051998138427734
1772915503.1295705,30.65213286605158,142.59065102838687,1.4275629006220714,3.4,5.846168518066406,0.0,243.0,8.6,38.99185657501221,0.0,1.230478286743164,0.05245208740234375,2.5048255920410156
1772915503.2144558,30.661293250810495,142.59065102838687,1.4275629006220714,11.6,5.8472900390625,0.0,243.0,8.61,38.87094497680664,0.0,1.4986991882324219,0.05269050598144531,2.877950668334961
1772915503.2388208,30.932679129650012,142.59065102838687,1.4275629006220714,11.6,5.8472900390625,0.0,243.0,8.61,38.83001446723938,9.078264236450195,0.9555816650390625,0.03600120544433594,11.42120361328125
1772915503.2635953,31.004463620425096,142.59065102838687,1.4275629006220714,11.6,5.8472900390625,0.0,243.0,8.61,38.74550104141235,0.0,1.12152099609375,0.04935264587402344,2.7451515197753906
1772915503.3630116,30.82736458416472,142.59065102838687,1.4275629006220714,19.0,5.865875244140625,0.0,243.0,8.62,38.5062050819397,0.0,1.1539459228515625,0.045299530029296875,2.3458003997802734
1772915503.4302504,30.82060129533374,142.59065102838687,1.4275629006220714,13.2,5.858741760253906,0.0,243.0,8.65,38.49260687828064,0.0,1.0983943939208984,0.04935264587402344,2.349853515625
1772915503.46372,30.35593094007253,142.59065102838687,1.4275629006220714,13.2,5.858741760253906,0.0,243.0,8.65,38.33489775657654,0.0,1.7955303192138672,0.051021575927734375,2.9904842376708984
1772915503.5235307,30.402261738925823,142.59065102838687,1.4275629006220714,15.8,5.850551605224609,0.0,243.0,8.61,38.397438526153564,7.994174957275391,0.9837150573730469,0.038623809814453125,10.618209838867188
1772915503.5629628,30.33734366498519,142.59065102838687,1.4275629006220714,15.8,5.850551605224609,0.0,243.0,8.61,38.36309552192688,0.0,1.0521411895751953,0.06532669067382812,2.2101402282714844
1772915503.6149838,30.356079777005828,142.59065102838687,1.4275629006220714,12.7,5.846153259277344,6.0,243.0,8.67,38.44105124473572,0.0,1.0867118835449219,0.05340576171875,2.2039413452148438
1772915503.630136,30.00730563518458,142.59065102838687,1.4275629006220714,12.7,5.846153259277344,6.0,243.0,8.67,38.270615339279175,0.0,1.1699199676513672,0.06341934204101562,2.484560012817383
1772915503.6638937,29.98149806459284,142.59065102838687,1.4275629006220714,12.7,5.846153259277344,6.0,243.0,8.67,38.23086380958557,0.0,1.1601448059082031,0.06031990051269531,2.784252166748047
1772915503.8272352,29.958516197373733,142.59065102838687,1.4275629006220714,9.2,5.86578369140625,6.0,243.0,8.68,38.31820726394653,8.515357971191406,1.5630722045898438,0.04839897155761719,12.079000473022461
1772915503.8321247,29.76008653841679,142.59065102838687,1.4275629006220714,9.2,5.86578369140625,6.0,243.0,8.68,38.19099545478821,0.0,1.417398452758789,0.07510185241699219,2.8772354125976562
1772915503.8645797,29.835872076142707,142.59065102838687,1.4275629006220714,9.2,5.86578369140625,6.0,243.0,8.68,38.17921161651611,0.0,1.5451908111572266,0.06270408630371094,3.185272216796875
1772915503.9177728,29.288206065939516,142.59065102838687,1.4275629006220714,11.8,5.862133026123047,6.0,243.0,8.73,38.12355160713196,0.0,1.3539791107177734,0.06699562072753906,2.7670860290527344
1772915503.931064,29.512778757694594,142.59065102838687,1.4275629006220714,11.8,5.862133026123047,6.0,243.0,8.73,38.09412717819214,0.0,1.4507770538330078,0.062465667724609375,2.9761791229248047
1772915503.9739368,29.608807434593047,142.59065102838687,1.4275629006220714,11.8,5.862133026123047,6.0,243.0,8.73,38.07320594787598,9.443044662475586,1.3418197631835938,0.059604644775390625,12.65406608581543
1772915504.0192616,29.055656053962263,142.59065102838687,1.4275629006220714,10.9,5.857753753662109,6.0,243.0,8.73,38.03495168685913,0.0,1.8122196197509766,0.09179115295410156,4.014015197753906
1772915504.0646727,29.08162236211465,142.59065102838687,1.4275629006220714,10.9,5.857753753662109,6.0,243.0,8.73,38.02303910255432,0.0,1.5442371368408203,0.07605552673339844,3.038644790649414
1772915504.1192093,28.45713335070947,138.10681593677973,1.4275629006220714,10.2,5.854911804199219,6.0,243.0,8.78,37.978917360305786,0.0,1.47247314453125,0.07581710815429688,2.981901168823242
1772915504.164952,28.41357832389,138.10681593677973,1.4275629006220714,10.2,5.854911804199219,6.0,243.0,8.78,37.960407733917236,0.0,1.6186237335205078,0.07009506225585938,3.2296180725097656
1772915504.230183,28.44875842156272,138.10681593677973,1.4275629006220714,11.8,5.82684326171875,6.0,243.0,8.78,38.0588436126709,9.074211120605469,1.4142990112304688,0.0553131103515625,12.447595596313477
1772915504.23474,28.169918286355156,138.10681593677973,1.4275629006220714,11.8,5.82684326171875,6.0,243.0,8.78,37.93202519416809,0.0,1.6078948974609375,0.07009506225585938,3.2510757446289062
1772915504.265118,28.253199373440097,138.10681593677973,1.4275629006220714,11.8,5.82684326171875,6.0,243.0,8.78,37.91800260543823,0.0,1.5501976013183594,0.07081031799316406,3.2684803009033203
1772915504.3202732,27.695309501605998,138.10681593677973,1.4275629006220714,11.9,5.831108093261719,6.0,243.0,8.83,37.87364840507507,0.0,1.6474723815917969,0.07200241088867188,3.3769607543945312
1772915504.3329027,27.965495636119858,138.10681593677973,1.4275629006220714,11.9,5.831108093261719,6.0,243.0,8.83,37.84861087799072,0.0,2.625703811645508,0.07343292236328125,4.397153854370117
1772915504.376107,28.059631082629398,138.10681593677973,1.4275629006220714,11.9,5.831108093261719,6.0,243.0,8.83,37.83632278442383,10.493993759155273,1.6605854034423828,0.06198883056640625,14.184951782226562
1772915504.4329047,27.677969844995534,138.10681593677973,1.4275629006220714,14.8,5.805919647216797,6.0,243.0,8.81,37.544827461242676,0.0,1.8489360809326172,0.10538101196289062,4.080295562744141
1772915504.466589,27.746148793796202,138.10681593677973,1.4275629006220714,14.8,5.805919647216797,6.0,243.0,8.81,37.53155708312988,0.0,2.168893814086914,0.08702278137207031,4.476308822631836
1772915504.5260324,27.13617970213419,121.13863216266174,1.4275629006220714,16.1,5.79449462890625,6.0,243.0,8.82,37.51367211341858,0.0,1.939535140991211,0.08893013000488281,4.122734069824219
1772915504.533814,27.646331439227012,133.6915181844261,1.4275629006220714,16.1,5.79449462890625,6.0,243.0,8.82,37.49697208404541,0.0,1.9941329956054688,0.08463859558105469,4.423618316650391
1772915504.5801144,27.738559261412465,133.6915181844261,1.4275629006220714,16.1,5.79449462890625,6.0,243.0,8.82,37.492629289627075,12.703657150268555,1.8572807312011719,0.07462501525878906,17.170190811157227
1772915504.629119,27.43582228835897,133.6915181844261,1.4275629006220714,28.6,5.795967102050781,0.0,243.0,8.83,37.518759965896606,0.0,3.2846927642822266,0.10156631469726562,6.058454513549805
1772915504.666992,27.472501755795573,133.6915181844261,1.4275629006220714,28.6,5.795967102050781,0.0,243.0,8.83,37.511000633239746,0.0,2.1865367889404297,0.08821487426757812,4.350423812866211
1772915504.7659829,27.060528525623663,133.6915181844261,1.4275629006220714,20.7,5.825725555419922,0.0,243.0,8.84,37.38916635513306,0.0,1.9419193267822266,0.08249282836914062,3.763914108276367
1772915504.8242905,26.99563060658736,133.6915181844261,1.4275629006220714,7.6,5.827342987060547,0.0,243.0,8.84,37.50221014022827,0.0,2.1381378173828125,0.10967254638671875,4.226922988891602
1772915504.844013,27.47843944078749,133.6915181844261,1.4275629006220714,7.6,5.827342987060547,0.0,243.0,8.84,37.49508619308472,10.866880416870117,1.7979145050048828,0.06961822509765625,14.87278938293457
1772915504.8664336,27.44939889386828,133.6915181844261,1.4275629006220714,7.6,5.827342987060547,0.0,243.0,8.84,37.46735453605652,0.0,1.8568038940429688,0.09179115295410156,3.6873817443847656
1772915504.9238951,27.41725538933652,133.6915181844261,1.4275629006220714,11.8,5.85113525390625,0.0,243.0,8.84,37.58586049079895,0.0,1.8799304962158203,0.08416175842285156,3.7543773651123047
1772915505.0336604,27.258965554523478,133.6915181844261,1.4275629006220714,7.5,5.849212646484375,0.0,243.0,8.84,37.53875732421875,0.0,2.6655197143554688,0.087738037109375,4.588603973388672
1772915505.0671585,27.339123581600337,133.6915181844261,1.4275629006220714,7.5,5.849212646484375,0.0,243.0,8.84,37.53681540489197,0.0,2.3555755615234375,0.09751319885253906,4.469156265258789
1772915505.1349463,27.242782922552877,133.6915181844261,1.4275629006220714,6.8,5.835872650146484,0.0,243.0,8.84,37.62867212295532,10.400533676147461,1.7337799072265625,0.06890296936035156,14.364957809448242
1772915505.1663043,27.209814438165438,133.6915181844261,1.4275629006220714,6.8,5.835872650146484,0.0,243.0,8.84,37.62669801712036,0.0,1.6698837280273438,0.07462501525878906,3.6890506744384766
1772915505.2207234,27.225949207985376,133.6915181844261,1.4275629006220714,7.6,5.8424530029296875,0.0,243.0,8.84,37.733415365219116,0.0,1.695394515991211,0.07605552673339844,3.4203529357910156
1772915505.2326508,27.57787478447753,133.6915181844261,1.4275629006220714,7.6,5.8424530029296875,0.0,243.0,8.84,37.734079360961914,0.0,1.729726791381836,0.07748603820800781,3.5729408264160156
1772915505.3666983,27.602859247630793,133.6915181844261,1.4275629006220714,8.3,5.849903106689453,0.0,243.0,8.84,37.73447036743164,0.0,1.9099712371826172,0.08273124694824219,3.8671493530273438
1772915505.4358432,27.541133015914244,133.6915181844261,1.4275629006220714,5.2,5.857341766357422,0.0,243.0,8.78,37.86009073257446,11.608362197875977,1.8253326416015625,0.06532669067382812,15.58995246887207
1772915505.4405274,27.696140551325325,133.6915181844261,1.4275629006220714,5.2,5.857341766357422,0.0,243.0,8.78,37.89933800697327,0.0,2.099275588989258,0.07677078247070312,3.874063491821289
1772915505.468043,27.864517437457877,133.6915181844261,1.4275629006220714,5.2,5.857341766357422,0.0,243.0,8.78,37.90490508079529,0.0,2.8841495513916016,0.08368492126464844,4.927635192871094
1772915505.5250554,27.926320909512537,133.6915181844261,1.4275629006220714,10.7,5.845634460449219,0.0,243.0,8.83,38.03336262702942,0.0,1.9767284393310547,0.08845329284667969,4.117488861083984
1772915505.533481,28.45923821200676,133.6915181844261,1.4275629006220714,10.7,5.845634460449219,0.0,243.0,8.83,38.037811517715454,0.0,2.0134449005126953,0.09632110595703125,3.925800323486328
1772915505.5795815,28.533508586342414,133.6915181844261,1.4275629006220714,10.7,5.845634460449219,0.0,243.0,8.83,38.043761253356934,11.83938980102539,2.0585060119628906,0.07843971252441406,16.40176773071289
1772915505.626727,28.466777341137202,133.6915181844261,1.4275629006220714,9.3,5.840221405029297,0.0,243.0,8.78,38.17776679992676,0.0,2.2428035736083984,0.10633468627929688,4.4536590576171875
1772915505.6338892,29.093462489308497,134.68751806300375,1.4275629006220714,9.3,5.840221405029297,0.0,243.0,8.78,38.18333029747009,0.0,2.2153854370117188,0.09369850158691406,4.192829132080078
1772915505.6685822,29.210629692716694,134.68751806300375,1.4275629006220714,9.3,5.840221405029297,0.0,243.0,8.78,38.191927671432495,0.0,2.4297237396240234,0.10251998901367188,4.758358001708984
1772915505.7305305,29.281999270215625,134.68751806300375,1.4275629006220714,9.9,5.840221405029297,0.0,243.0,8.82,38.34110617637634,0.0,2.493143081665039,0.11134147644042969,4.984140396118164
1772915505.7541099,29.967560750511964,165.23416325244247,1.4275629006220714,9.9,5.840221405029297,0.0,243.0,8.82,38.354588747024536,17.077922821044922,2.4530887603759766,0.09441375732421875,22.51291275024414
1772915505.7708862,30.07182222424656,165.23416325244247,1.4275629006220714,9.9,5.840221405029297,0.0,243.0,8.82,38.35632681846619,0.0,3.679513931274414,0.12302398681640625,6.914854049682617
1772915505.8352268,30.111708460863106,165.23416325244247,1.4275629006220714,13.6,5.856311798095703,0.0,243.0,8.76,38.52377653121948,0.0,3.2486915588378906,0.14638900756835938,6.28209114074707
1772915505.843714,30.682894510948618,165.23416325244247,1.4275629006220714,13.6,5.856311798095703,0.0,243.0,8.76,38.5636305809021,0.0,3.184795379638672,0.1323223114013672,6.159305572509766
1772915505.8711483,30.717007336474712,165.23416325244247,1.4275629006220714,13.6,5.856311798095703,0.0,243.0,8.76,38.573126792907715,0.0,3.2091140747070312,0.13446807861328125,6.618976593017578
1772915505.9685407,30.643319717160303,165.23416325244247,1.4275629006220714,12.8,5.860813140869141,0.0,243.0,8.82,38.60692501068115,23.197412490844727,4.572868347167969,0.16188621520996094,32.77301788330078
1772915505.9801123,30.628488005099648,165.23416325244247,1.4275629006220714,12.8,5.860813140869141,0.0,243.0,8.82,38.64661455154419,0.0,4.390478134155273,0.18072128295898438,8.323907852172852
1772915506.0507545,30.54737371555512,165.23416325244247,1.4275629006220714,16.0,5.851421356201172,0.0,243.0,8.81,38.70350241661072,0.0,4.979848861694336,0.19025802612304688,9.593963623046875
1772915506.0742974,30.704848508700945,165.23416325244247,1.4275629006220714,16.0,5.851421356201172,0.0,243.0,8.81,38.71791958808899,0.0,4.612207412719727,0.1862049102783203,8.904457092285156
1772915506.1503384,30.620145491682244,165.23416325244247,1.4275629006220714,16.7,5.846172332763672,0.0,243.0,8.8,38.77878665924072,0.0,4.350185394287109,0.17333030700683594,8.270263671875
1772915506.1986275,30.68030499240261,165.23416325244247,1.4275629006220714,16.7,5.846172332763672,0.0,243.0,8.8,38.78999710083008,23.63419532775879,4.226207733154297,0.164031982421875,33.03050994873047
1772915506.2578878,30.59161121384926,165.23416325244247,1.4275629006220714,17.6,5.846927642822266,0.0,243.0,8.79,38.88947367668152,0.0,4.485368728637695,0.18787384033203125,8.538007736206055
1772915506.273953,30.752362814592722,165.23416325244247,1.4275629006220714,17.6,5.846927642822266,0.0,243.0,8.79,38.90086889266968,0.0,4.2896270751953125,0.20837783813476562,8.419513702392578
1772915506.351123,30.74279343381629,165.23416325244247,1.4275629006220714,15.2,5.846927642822266,0.0,243.0,8.79,38.96156668663025,0.0,4.545927047729492,0.23293495178222656,8.799076080322266
1772915506.3758798,30.806886899771108,165.23416325244247,1.4275629006220714,15.2,5.846927642822266,0.0,243.0,8.79,38.97158980369568,0.0,5.750417709350586,0.19097328186035156,10.053873062133789
1772915506.480082,30.717649538006523,165.23416325244247,1.4275629006220714,15.5,5.831195831298828,0.0,243.0,8.79,39.04239058494568,25.152921676635742,4.519939422607422,0.1697540283203125,35.160064697265625
1772915506.4930265,30.69739276393932,165.23416325244247,1.4275629006220714,15.5,5.831195831298828,0.0,243.0,8.79,39.14252758026123,0.0,4.643917083740234,0.19168853759765625,9.335756301879883
1772915506.559497,30.621578876965106,165.23416325244247,1.4275629006220714,18.7,5.842842102050781,0.0,243.0,8.8,39.23720121383667,0.0,5.17582893371582,0.20194053649902344,10.010480880737305
1772915506.5764406,30.773886524072655,165.23416325244247,1.4275629006220714,18.7,5.842842102050781,0.0,243.0,8.8,39.24986004829407,0.0,5.637884140014648,0.2319812774658203,10.335922241210938
1772915506.653481,30.687035869896402,165.23416325244247,1.4275629006220714,18.3,5.843082427978516,6.0,243.0,8.8,39.32066798210144,0.0,4.402399063110352,0.1926422119140625,8.889198303222656
1772915506.7097197,30.80269758511708,165.23416325244247,1.4275629006220714,18.3,5.843082427978516,6.0,243.0,8.8,39.33378577232361,31.532764434814453,5.016326904296875,0.3705024719238281,43.348073959350586
1772915506.7777176,30.76445355199083,165.23416325244247,1.4275629006220714,18.9,5.845005035400391,6.0,243.0,8.8,39.298202991485596,0.0,5.42140007019043,0.2319812774658203,10.720491409301758
1772915506.8562286,30.679353004332842,165.23416325244247,1.4275629006220714,16.1,5.826728820800781,6.0,243.0,8.79,39.36723709106445,0.0,6.515026092529297,0.22721290588378906,11.318206787109375
1772915506.8772168,30.748623158650865,165.23416325244247,1.4275629006220714,16.1,5.826728820800781,6.0,243.0,8.79,39.38148617744446,0.0,4.895925521850586,0.19598007202148438,9.666919708251953
1772915506.9571192,30.661324789817257,165.23416325244247,1.4275629006220714,16.1,5.832496643066406,6.0,243.0,8.73,39.46454405784607,0.0,4.796266555786133,0.1938343048095703,9.530782699584961
1772915507.0044565,30.80819088716504,165.23416325244247,1.4275629006220714,16.1,5.832496643066406,6.0,243.0,8.73,39.47660446166992,27.273178100585938,4.694938659667969,0.18858909606933594,37.57977485656738
1772915507.0730364,30.63800296483236,165.23416325244247,1.4275629006220714,18.2,5.8380889892578125,6.0,243.0,8.79,39.581090211868286,0.0,4.880189895629883,0.19788742065429688,10.106086730957031
1772915507.0858424,30.84648192958497,165.23416325244247,1.4275629006220714,18.2,5.8380889892578125,6.0,243.0,8.79,39.64238405227661,0.0,4.431009292602539,0.18930435180664062,8.96596908569336
1772915507.1578698,30.765478591705875,165.23416325244247,1.4275629006220714,19.2,5.839866638183594,6.0,243.0,8.73,39.72364068031311,0.0,5.6667327880859375,0.2090930938720703,10.518312454223633
1772915507.1780787,30.97020894424141,165.23416325244247,1.4275629006220714,19.2,5.839866638183594,6.0,243.0,8.73,39.7386372089386,0.0,6.026744842529297,0.202178955078125,10.978221893310547
1772915507.2843232,30.879494540289354,165.23416325244247,1.4275629006220714,16.2,5.8455963134765625,6.0,243.0,8.74,39.813127517700195,27.15134620666504,4.727840423583984,0.18095970153808594,37.68014907836914
1772915507.2973804,30.85029064716496,165.23416325244247,1.4275629006220714,16.2,5.8455963134765625,6.0,243.0,8.74,39.93105888366699,0.0,4.649877548217773,0.18787384033203125,9.392738342285156
1772915507.3667448,30.848354652007227,165.23416325244247,1.4275629006220714,18.5,5.828239440917969,6.0,243.0,8.74,40.05806922912598,0.0,4.758596420288086,0.19741058349609375,10.239601135253906
1772915507.3809857,31.053593709358385,165.23416325244247,1.4275629006220714,18.5,5.828239440917969,6.0,243.0,8.74,40.08861064910889,0.0,4.984617233276367,0.19240379333496094,10.372400283813477
1772915507.4576876,30.967284119322585,165.23416325244247,1.4275629006220714,17.8,5.8431396484375,6.0,243.0,8.74,40.172574520111084,0.0,5.039215087890625,0.19788742065429688,9.765863418579102
1772915507.5118916,31.17747222564271,165.23416325244247,1.4275629006220714,17.8,5.8431396484375,6.0,243.0,8.74,40.186870098114014,34.456491470336914,4.680633544921875,0.17142295837402344,44.686079025268555
1772915507.5797675,31.075194338721158,165.23416325244247,1.4275629006220714,17.5,5.834930419921875,6.0,243.0,8.8,40.217045545578,0.0,4.762172698974609,0.194549560546875,9.72127914428711
1772915507.6550593,30.991202682442935,165.23416325244247,1.4275629006220714,15.6,5.850070953369141,6.0,243.0,8.74,40.29088497161865,0.0,4.87065315246582,0.19598007202148438,9.670495986938477
1772915507.6788874,31.059240942143138,165.23416325244247,1.4275629006220714,15.6,5.850070953369141,6.0,243.0,8.74,40.312544107437134,0.0,5.991220474243164,0.194549560546875,10.588407516479492
1772915507.757642,31.047328149607672,165.23416325244247,1.4275629006220714,15.4,5.838077545166016,6.0,243.0,8.73,40.39846658706665,0.0,5.045652389526367,0.2899169921875,9.905815124511719
1772915507.8053353,31.152116369634683,165.23416325244247,1.4275629006220714,15.4,5.838077545166016,6.0,243.0,8.73,40.415154695510864,26.97134017944336,4.920721054077148,0.18310546875,37.95218467712402
1772915507.870641,31.057801833358333,165.23416325244247,1.4275629006220714,18.7,5.831390380859375,6.0,243.0,8.74,40.567708015441895,0.0,4.668235778808594,0.1938343048095703,9.441614151000977
1772915507.8840923,31.269512795523923,165.23416325244247,1.4275629006220714,18.7,5.831390380859375,6.0,243.0,8.74,40.620036125183105,0.0,4.49681282043457,0.21314620971679688,8.956432342529297
1772915507.955117,31.187718068001658,165.23416325244247,1.4275629006220714,15.6,5.831390380859375,6.0,243.0,8.73,40.69032907485962,0.0,4.5986175537109375,0.19073486328125,9.255170822143555
1772915507.9798005,31.344664926946706,165.23416325244247,1.4275629006220714,15.6,5.831390380859375,6.0,243.0,8.73,40.704277753829956,0.0,7.43865966796875,0.20837783813476562,12.326717376708984
1772915508.0858462,31.262895190795238,165.23416325244247,1.4275629006220714,19.3,5.83331298828125,6.0,243.0,8.73,40.775243043899536,30.23242950439453,4.735708236694336,0.1575946807861328,40.4820442199707
1772915508.0980954,31.221367377208395,165.23416325244247,1.4275629006220714,19.3,5.83331298828125,6.0,243.0,8.73,40.8941113948822,0.0,4.3430328369140625,0.17786026000976562,8.791208267211914
1772915508.1649437,31.284744039513615,165.23416325244247,1.4275629006220714,17.7,5.825767517089844,0.0,243.0,8.72,41.01590633392334,0.0,4.677057266235352,0.19550323486328125,9.463787078857422
1772915508.1790848,31.595712169554464,165.23416325244247,1.4275629006220714,17.7,5.825767517089844,0.0,243.0,8.72,41.040884256362915,0.0,4.92095947265625,0.21266937255859375,9.6893310546875
1772915508.2560494,31.510761620842334,165.23416325244247,1.4275629006220714,18.9,5.841148376464844,0.0,243.0,8.73,41.11783027648926,0.0,4.384279251098633,0.1933574676513672,9.258031845092773
1772915508.384563,31.552458424817658,165.23416325244247,1.4275629006220714,14.5,5.841388702392578,0.0,243.0,8.72,41.19534492492676,27.599573135375977,4.39906120300293,0.16355514526367188,37.4140739440918
1772915508.3969731,31.637388440783532,165.23416325244247,1.4275629006220714,14.5,5.841388702392578,0.0,243.0,8.72,41.31303787231445,0.0,4.3430328369140625,0.18095970153808594,8.82577896118164
1772915508.461901,31.564985741661392,165.23416325244247,1.4275629006220714,16.7,5.848289489746094,0.0,243.0,8.72,41.42034411430359,0.0,4.414081573486328,0.1914501190185547,9.073495864868164
1772915508.4780793,31.862756067103888,165.23416325244247,1.4275629006220714,16.7,5.848289489746094,0.0,243.0,8.72,41.43515586853027,0.0,5.557537078857422,0.19598007202148438,10.266304016113281
1772915508.5566094,31.77273249550574,165.23416325244247,1.4275629006220714,15.9,5.84295654296875,0.0,243.0,8.73,41.51366353034973,0.0,4.538059234619141,0.19812583923339844,9.187936782836914
1772915508.6110394,31.86740108860246,165.23416325244247,1.4275629006220714,15.9,5.84295654296875,0.0,243.0,8.73,41.53096914291382,29.3734073638916,6.964206695556641,0.22172927856445312,43.04242134094238
1772915508.6930318,31.882620943490195,165.23416325244247,1.4275629006220714,19.7,5.832103729248047,0.0,243.0,8.72,41.60110116004944,0.0,8.253812789916992,0.3066062927246094,14.157295227050781
1772915508.7838802,31.787855188504242,165.23416325244247,1.4275629006220714,18.2,5.8316802978515625,0.0,243.0,8.72,41.623902320861816,0.0,7.314443588256836,0.29015541076660156,14.244556427001953
1772915508.8948493,31.683349128233022,165.23416325244247,1.4275629006220714,20.2,5.847049713134766,0.0,243.0,8.72,41.68470025062561,0.0,9.02867317199707,0.39124488830566406,17.42696762084961
1772915509.0064962,31.57742514526402,165.23416325244247,1.4275629006220714,23.1,5.849693298339844,0.0,243.0,8.66,41.80175304412842,0.0,9.564876556396484,0.3895759582519531,17.848730087280273
1772915509.2073147,31.47274855597798,165.23416325244247,1.4275629006220714,23.8,5.8497161865234375,0.0,243.0,8.66,41.98298454284668,84.32626724243164,9.578943252563477,0.3147125244140625,105.86023330688477
1772915509.3311365,31.421115025751583,165.23416325244247,1.4275629006220714,35.9,5.8422088623046875,0.0,243.0,8.65,42.05072641372681,0.0,8.933067321777344,0.415802001953125,18.538713455200195
1772915509.5544703,31.29198378199871,165.23416325244247,1.4275629006220714,38.9,5.830432891845703,0.0,243.0,8.65,42.38900661468506,0.0,11.827230453491211,0.4048347473144531,21.09837532043457
1772915509.6803274,31.182175473994665,165.23416325244247,1.4275629006220714,37.6,5.833976745605469,0.0,243.0,8.57,42.510772943496704,0.0,13.904809951782227,0.41413307189941406,23.731470108032227
1772915509.7998643,31.074305459798534,165.23416325244247,1.4275629006220714,30.6,5.827449798583984,0.0,243.0,8.52,42.74235963821411,0.0,11.717081069946289,0.6437301635742188,21.225452423095703
1772915509.9610164,30.972073729042858,165.23416325244247,1.4275629006220714,34.0,5.827056884765625,0.0,243.0,8.51,42.88855195045471,47.29032516479492,8.785486221313477,0.31566619873046875,65.67049026489258
1772915510.0753818,30.845233337665583,165.23416325244247,1.4275629006220714,25.0,5.815971374511719,0.0,243.0,8.56,42.98996329307556,0.0,10.962247848510742,0.3991127014160156,20.96390724182129
1772915510.2860234,30.717229736731614,165.23416325244247,1.4275629006220714,22.6,5.802314758300781,0.0,243.0,8.54,43.15739035606384,0.0,10.593175888061523,0.400543212890625,19.898176193237305
1772915510.4012313,30.685015371002116,165.23416325244247,1.4275629006220714,31.1,5.817390441894531,0.0,243.0,8.5,43.245099782943726,0.0,9.415149688720703,0.3669261932373047,17.85874366760254
1772915510.517223,30.57807142411028,165.23416325244247,1.4275629006220714,26.4,5.820995330810547,0.0,243.0,8.5,43.3966064453125,0.0,11.799335479736328,0.38170814514160156,20.79916000366211
1772915510.6909535,30.607575908430313,165.23416325244247,1.4275629006220714,24.4,5.820987701416016,0.0,243.0,8.5,43.46377491950989,55.4196834564209,10.780811309814453,0.38623809814453125,78.12094688415527
1772915510.80939,30.614333429250447,165.23416325244247,1.4275629006220714,26.2,5.820987701416016,0.0,243.0,8.57,43.580039739608765,0.0,10.317802429199219,0.3712177276611328,19.176721572875977
1772915510.9241579,30.64997537461396,165.23416325244247,1.4275629006220714,25.7,5.796234130859375,0.0,243.0,8.58,43.7695837020874,0.0,10.80632209777832,0.4055500030517578,19.756555557250977
1772915511.0398529,30.61723127885053,165.23416325244247,1.4275629006220714,22.6,5.804988861083984,0.0,243.0,8.59,43.87888550758362,0.0,9.404659271240234,0.4189014434814453,17.81153678894043
1772915511.1482124,30.626503528738176,165.23416325244247,1.4275629006220714,26.3,5.788719177246094,0.0,243.0,8.54,44.02355432510376,0.0,10.094404220581055,0.38433074951171875,19.127607345581055
1772915511.3109605,30.51875060399402,165.23416325244247,1.4275629006220714,24.6,5.803966522216797,0.0,243.0,8.53,44.075000286102295,48.28214645385742,8.227348327636719,0.41222572326660156,67.14153289794922
1772915511.4240286,30.39992729268185,165.23416325244247,1.4275629006220714,23.7,5.828948974609375,0.0,243.0,8.58,44.25964832305908,0.0,11.431217193603516,0.37598609924316406,20.330190658569336
1772915511.534849,30.293947281818863,165.23416325244247,1.4275629006220714,24.6,5.826885223388672,0.0,243.0,8.58,44.34324622154236,0.0,9.117603302001953,0.36787986755371094,17.841577529907227
1772915511.7471676,30.16727200916591,165.23416325244247,1.4275629006220714,25.5,5.831184387207031,0.0,243.0,8.58,44.46519494056702,0.0,9.912490844726562,0.530242919921875,22.243738174438477
1772915511.8587813,30.06186929375131,165.23416325244247,1.4275629006220714,24.5,5.825279235839844,0.0,243.0,8.55,44.65100049972534,0.0,11.580705642700195,0.5540847778320312,21.064281463623047
1772915512.0240226,30.089193509929146,165.23416325244247,1.4275629006220714,23.9,5.825202941894531,0.0,243.0,8.51,44.75531339645386,48.61140251159668,10.370969772338867,0.36454200744628906,69.05508041381836
1772915512.1329553,29.606636899309102,165.23416325244247,1.4275629006220714,23.6,5.817512512207031,0.0,243.0,8.57,44.710901975631714,0.0,8.59379768371582,0.35381317138671875,17.38286018371582
1772915512.245389,29.50324925810439,165.23416325244247,1.4275629006220714,25.4,5.835880279541016,0.0,243.0,8.58,45.00379920005798,0.0,9.45138931274414,0.4591941833496094,19.20485496520996
1772915512.3586571,29.456126235965588,165.23416325244247,1.4275629006220714,24.2,5.824153900146484,0.0,243.0,8.57,45.20016670227051,0.0,9.388923645019531,0.3571510314941406,17.95220375061035
1772915512.4723556,29.051253461093967,165.23416325244247,1.4275629006220714,22.0,5.811931610107422,0.0,243.0,8.52,45.190075635910034,0.0,9.073257446289062,0.370025634765625,17.644643783569336
1772915512.6400528,28.9468218588124,165.23416325244247,1.4275629006220714,25.8,5.815822601318359,0.0,243.0,8.52,45.33001780509949,57.99722671508789,9.002447128295898,0.3228187561035156,77.42643356323242
1772915512.7528179,28.886835542910614,165.23416325244247,1.4275629006220714,23.6,5.823112487792969,0.0,243.0,8.57,45.48927307128906,0.0,10.547161102294922,0.3666877746582031,19.620180130004883
1772915512.864741,28.45649735562654,165.23416325244247,1.4275629006220714,23.4,5.826946258544922,0.0,243.0,8.57,45.428162813186646,0.0,9.718894958496094,0.6234645843505859,19.342899322509766
1772915513.0783486,28.423789480708034,165.23416325244247,1.4275629006220714,23.8,5.837337493896484,0.0,243.0,8.58,45.550405979156494,0.0,9.765863418579102,0.4172325134277344,18.927574157714844
1772915513.1938393,27.985165426675835,165.23416325244247,1.4275629006220714,22.4,5.819492340087891,0.0,243.0,8.52,45.473787784576416,0.0,9.40394401550293,0.37217140197753906,18.044471740722656
1772915513.3598914,27.878922799945848,165.23416325244247,1.4275629006220714,23.5,5.835155487060547,0.0,243.0,8.52,45.58349251747131,50.266265869140625,9.562969207763672,0.36144256591796875,69.67711448669434
1772915513.4782417,27.82181517648907,165.23416325244247,1.4275629006220714,24.1,5.834957122802734,0.0,243.0,8.59,45.689213275909424,0.0,12.147188186645508,0.415802001953125,21.90995216369629
1772915513.5940428,27.313696810780485,165.23416325244247,1.4275629006220714,24.6,5.817737579345703,0.0,243.0,8.59,45.60242176055908,0.0,9.558916091918945,0.3848075866699219,18.624067306518555
1772915513.8012834,27.188029614046584,165.23416325244247,1.4275629006220714,22.6,5.824878692626953,0.0,243.0,8.53,45.67682862281799,0.0,9.217023849487305,0.3898143768310547,17.675161361694336
1772915513.917051,27.144123405054245,165.23416325244247,1.4275629006220714,23.0,5.8251800537109375,0.0,243.0,8.53,45.81538915634155,0.0,10.106563568115234,1.249551773071289,20.333290100097656
1772915514.0816205,26.724600944679942,165.23416325244247,1.4275629006220714,25.6,5.813243865966797,0.0,243.0,8.53,45.749807357788086,48.59447479248047,9.998798370361328,0.39458274841308594,68.79568099975586
1772915514.197973,26.6991407476988,165.23416325244247,1.4275629006220714,23.6,5.826374053955078,0.0,243.0,8.58,45.79603910446167,0.0,9.586572647094727,0.36835670471191406,18.47076416015625
1772915514.400822,26.11515454502982,165.23416325244247,1.4275629006220714,22.5,5.833965301513672,0.0,243.0,8.58,45.73843836784363,0.0,9.31692123413086,0.3707408905029297,18.299102783203125
1772915514.6056983,26.123055718442945,165.23416325244247,1.4275629006220714,23.9,5.817165374755859,0.0,243.0,8.52,45.82605242729187,0.0,9.359121322631836,0.3604888916015625,19.071340560913086
1772915514.721053,26.117084928664255,165.23416325244247,1.4275629006220714,24.8,5.817165374755859,0.0,243.0,8.52,45.97895622253418,0.0,10.201692581176758,0.6072521209716797,20.983219146728516
1772915514.8873754,26.10965169200131,165.23416325244247,1.4275629006220714,24.1,5.827018737792969,0.0,243.0,8.52,46.05174541473389,49.54171180725098,10.112285614013672,0.3821849822998047,70.0225830078125
1772915515.0032206,25.9912704518498,165.23416325244247,1.4275629006220714,22.2,5.8291168212890625,0.0,243.0,8.59,46.12733244895935,0.0,9.419918060302734,0.3628730773925781,18.619775772094727
1772915515.2120962,25.985181774581786,165.23416325244247,1.4275629006220714,24.3,5.830921173095703,0.0,243.0,8.56,46.24364137649536,0.0,9.170293807983398,0.4115104675292969,18.709897994995117
1772915515.3263881,25.971769083350903,165.23416325244247,1.4275629006220714,25.2,5.8140869140625,0.0,243.0,8.53,46.43167972564697,0.0,9.407758712768555,0.3654956817626953,18.732547760009766
1772915515.534178,25.591267625833893,165.23416325244247,1.4275629006220714,25.2,5.818511962890625,0.0,243.0,8.52,46.38446569442749,0.0,9.923934936523438,0.4036426544189453,19.21844482421875
1772915515.7199419,25.607150838081942,165.23416325244247,1.4275629006220714,22.5,5.834117889404297,0.0,243.0,8.51,46.532005071640015,64.61954116821289,9.736061096191406,0.42128562927246094,86.88497543334961
1772915515.8340192,25.523792608050552,165.23416325244247,1.4275629006220714,23.3,5.825714111328125,0.0,243.0,8.57,46.48550033569336,0.0,9.353876113891602,0.5865097045898438,18.017053604125977
1772915516.0340402,25.473253521303583,165.23416325244247,1.4275629006220714,25.0,5.828449249267578,0.0,243.0,8.57,46.713725328445435,0.0,8.939027786254883,0.37169456481933594,17.669677734375
1772915516.237391,25.347143406079773,165.23416325244247,1.4275629006220714,25.0,5.8260040283203125,0.0,243.0,8.5,46.78989887237549,0.0,9.543180465698242,0.36144256591796875,18.175601959228516
1772915516.4466023,25.278091740029545,165.23416325244247,1.4275629006220714,24.5,5.827190399169922,0.0,243.0,8.5,46.89895033836365,0.0,11.27314567565918,0.4901885986328125,20.72620391845703
1772915516.6167295,25.313616268350362,165.23416325244247,1.8731771453223762,24.1,5.834621429443359,0.0,243.0,8.51,46.99377179145813,53.339242935180664,9.142160415649414,0.3306865692138672,73.16374778747559
1772915516.7343373,24.94851468093009,165.23416325244247,1.8731771453223762,23.5,5.819667816162109,0.0,243.0,8.56,46.943238973617554,0.0,10.697364807128906,0.3921985626220703,19.752025604248047
1772915516.9416833,24.823039540295085,165.23416325244247,1.8731771453223762,23.9,5.821765899658203,0.0,243.0,8.51,47.03696012496948,0.0,9.450912475585938,0.37789344787597656,18.718481063842773
1772915517.0596943,24.774305711385473,165.23416325244247,1.8731771453223762,24.4,5.812946319580078,0.0,243.0,8.51,47.21355438232422,0.0,10.419130325317383,0.36406517028808594,19.855499267578125
1772915517.1756916,24.400021893051736,165.23416325244247,1.8731771453223762,24.8,5.801082611083984,0.0,243.0,8.52,47.19831824302673,0.0,9.64665412902832,0.4489421844482422,19.365310668945312
1772915517.33853,24.386255034565853,165.23416325244247,1.8731771453223762,26.5,5.785636901855469,0.0,243.0,8.52,47.364240884780884,48.31433296203613,8.848905563354492,0.3218650817871094,67.21925735473633
1772915517.4562755,24.307803664292706,165.23416325244247,1.8731771453223762,34.2,5.7844085693359375,0.0,243.0,8.58,47.413209676742554,0.0,10.92982292175293,0.39124488830566406,20.833730697631836
1772915517.5760357,24.323509373576673,165.23416325244247,1.8731771453223762,31.1,5.777469635009766,0.0,243.0,8.57,47.513184547424316,0.0,8.915901184082031,0.3542900085449219,17.62080192565918
1772915517.69053,24.292526521750798,165.23416325244247,1.8731771453223762,29.1,5.793331146240234,0.0,243.0,8.57,47.68163204193115,0.0,9.810686111450195,0.3712177276611328,18.737077713012695
1772915517.8041234,24.18524305694864,165.23416325244247,1.8731771453223762,32.8,5.7943878173828125,0.0,243.0,8.52,47.756874561309814,0.0,8.891820907592773,0.3821849822998047,17.5325870513916
1772915517.963845,24.15592359603952,165.23416325244247,1.8731771453223762,30.7,5.807929992675781,0.0,243.0,8.51,47.88188695907593,47.835588455200195,9.314537048339844,0.33926963806152344,67.3208236694336
1772915518.073014,24.037266210798915,165.23416325244247,1.8731771453223762,31.3,5.80816650390625,0.0,243.0,8.57,47.962480783462524,0.0,8.924007415771484,0.6289482116699219,18.31984519958496
1772915518.1856887,23.98941591385518,165.23416325244247,1.8731771453223762,29.2,5.817562103271484,0.0,243.0,8.57,48.1081485748291,0.0,9.29880142211914,0.3826618194580078,17.873764038085938
1772915518.2995882,23.631857057407682,165.23416325244247,1.8731771453223762,27.5,5.825904846191406,0.0,243.0,8.58,48.04689168930054,0.0,9.068965911865234,0.7283687591552734,18.618106842041016
1772915518.5091321,23.618006559368897,165.23416325244247,1.8731771453223762,24.5,5.800731658935547,0.0,243.0,8.52,48.139145374298096,0.0,9.319543838500977,0.41294097900390625,18.167495727539062
1772915518.6735122,23.58754371632426,165.23416325244247,1.8731771453223762,23.9,5.804725646972656,0.0,243.0,8.52,48.294888734817505,51.04947090148926,8.953332901000977,0.38170814514160156,70.20354270935059
1772915518.7858202,23.59326368398735,165.23416325244247,1.8731771453223762,24.9,5.826183319091797,0.0,243.0,8.59,48.43067407608032,0.0,10.35165786743164,0.3859996795654297,19.60015296936035
1772915518.8974824,23.58063305048593,165.23416325244247,1.8731771453223762,23.9,5.826183319091797,0.0,243.0,8.59,48.46405863761902,0.0,9.679317474365234,0.3707408905029297,18.471956253051758
1772915519.100398,23.595559608399377,165.23416325244247,1.8731771453223762,23.8,5.826393127441406,0.0,243.0,8.56,48.407098054885864,0.0,9.513616561889648,0.37097930908203125,18.13507080078125
1772915519.3048854,23.602813282247343,165.23416325244247,1.8731771453223762,25.7,5.818767547607422,0.0,243.0,8.53,48.46795320510864,0.0,10.84756851196289,0.3788471221923828,19.696950912475586
1772915519.5674946,23.23859823646662,165.23416325244247,1.8731771453223762,25.0,5.815937042236328,0.0,243.0,8.54,48.49806547164917,48.922061920166016,9.160757064819336,0.3910064697265625,68.4041976928711
1772915519.6770387,23.121156425465564,165.23416325244247,1.8731771453223762,23.0,5.817478179931641,4.0,243.0,8.59,48.59451770782471,0.0,8.885860443115234,0.7009506225585938,18.26786994934082
1772915519.7922347,23.114150129192495,165.23416325244247,1.8731771453223762,24.2,5.817462921142578,4.0,243.0,8.56,48.767526149749756,0.0,9.045839309692383,0.37026405334472656,17.720937728881836
1772915519.9081817,23.13882126061561,165.23416325244247,1.8731771453223762,24.2,5.812168121337891,4.0,243.0,8.53,48.85301351547241,0.0,9.372234344482422,0.40793418884277344,18.136024475097656
1772915520.1191742,23.112676084972392,165.23416325244247,1.8731771453223762,23.4,5.811199188232422,4.0,243.0,8.52,48.979066610336304,0.0,11.06405258178711,0.42891502380371094,20.79176902770996
1772915520.2869394,23.104545351578953,165.23416325244247,1.8731771453223762,25.0,5.8103485107421875,4.0,243.0,8.52,49.03669238090515,49.2405891418457,9.36436653137207,0.38933753967285156,68.92561912536621
1772915520.396951,23.123253900380437,165.23416325244247,1.8731771453223762,23.2,5.806331634521484,4.0,243.0,8.57,49.23014760017395,0.0,9.39321517944336,0.4200935363769531,18.179655075073242
1772915520.6087089,22.998893931295417,165.23416325244247,1.8731771453223762,24.1,5.790111541748047,4.0,243.0,8.57,49.47774648666382,0.0,9.349584579467773,0.3800392150878906,18.83220672607422
1772915520.724023,22.944382015403402,165.23416325244247,1.8731771453223762,23.5,5.790031433105469,4.0,243.0,8.54,49.63438630104065,0.0,9.091377258300781,0.3783702850341797,18.3565616607666
1772915520.8312848,22.66775548270935,165.23416325244247,1.8731771453223762,24.4,5.7955322265625,4.0,243.0,8.51,49.572426080703735,0.0,9.312629699707031,0.39768218994140625,17.920970916748047
1772915521.0863853,22.641334266116612,165.23416325244247,1.8731771453223762,22.0,5.811897277832031,4.0,243.0,8.52,49.63853359222412,46.59843444824219,8.672475814819336,0.32019615173339844,65.10281562805176
1772915521.1974876,22.664002084171024,165.23416325244247,3.752486266931487,24.6,5.805076599121094,4.0,243.0,8.57,49.82441067695618,0.0,10.773420333862305,0.37384033203125,19.558191299438477
1772915521.3200822,22.685967084108178,165.23416325244247,4.529050663597127,21.6,5.805076599121094,4.0,243.0,8.57,49.958155155181885,0.0,10.041236877441406,0.40221214294433594,19.058704376220703
1772915521.438313,22.668672798183284,165.23416325244247,4.529050663597127,29.1,5.801380157470703,4.0,243.0,8.58,50.0225555896759,0.0,8.92186164855957,0.3769397735595703,18.085956573486328
1772915521.6427984,22.375574022097844,165.23416325244247,4.529050663597127,23.4,5.812091827392578,4.0,243.0,8.52,50.025378465652466,0.0,8.996725082397461,0.37169456481933594,16.99042320251465
1772915521.914046,22.25020677996025,165.23416325244247,4.529050663597127,26.7,5.819408416748047,4.0,243.0,8.52,50.12570023536682,63.150644302368164,9.739875793457031,0.38170814514160156,86.05790138244629
1772915522.0269165,22.227983769897968,165.23416325244247,4.529050663597127,23.4,5.813861846923828,4.0,243.0,8.58,50.28512358665466,0.0,11.340856552124023,0.36215782165527344,20.29109001159668
1772915522.2408206,22.17648628607802,165.23416325244247,4.529050663597127,24.5,5.809482574462891,4.0,243.0,8.57,50.35926580429077,0.0,9.097576141357422,0.3657341003417969,18.021106719970703
1772915522.4441712,22.048176976839464,165.23416325244247,4.529050663597127,24.0,5.798881530761719,4.0,243.0,8.53,50.44523000717163,0.0,9.767532348632812,0.4088878631591797,18.320560455322266
1772915522.556664,21.996457989733415,165.23416325244247,4.529050663597127,24.8,5.821929931640625,4.0,243.0,8.53,50.597083568573,0.0,9.34910774230957,0.36835670471191406,18.08786392211914
1772915522.7381165,21.934865334917497,165.23416325244247,4.529050663597127,24.4,5.804523468017578,0.0,243.0,8.53,50.56588888168335,62.111616134643555,10.740041732788086,0.3991127014160156,83.8778018951416
1772915522.8541698,21.86610937209184,165.23416325244247,4.529050663597127,23.0,5.820854187011719,0.0,243.0,8.58,50.69781303405762,0.0,10.259628295898438,0.4506111145019531,19.376754760742188
1772915522.9712107,21.57071939218224,165.23416325244247,4.529050663597127,26.5,5.813163757324219,0.0,243.0,8.58,50.65924644470215,0.0,9.933710098266602,0.4608631134033203,18.402099609375
1772915523.1828463,21.444508665334894,165.23416325244247,4.529050663597127,23.3,5.809722900390625,0.0,243.0,8.52,50.75923204421997,0.0,9.277582168579102,0.9362697601318359,20.647764205932617
1772915523.2942247,21.45583967836056,165.23416325244247,4.529050663597127,23.6,5.81256103515625,0.0,243.0,8.52,50.92998027801514,0.0,9.299755096435547,0.36072731018066406,17.710208892822266
1772915523.4645205,21.14233551670514,165.23416325244247,4.529050663597127,24.2,5.806907653808594,0.0,243.0,8.52,50.91802477836609,51.37825012207031,8.872032165527344,0.31757354736328125,70.49918174743652
1772915523.5785358,21.01618534966079,165.23416325244247,4.529050663597127,24.9,5.824649810791016,0.0,243.0,8.58,51.00085735321045,0.0,9.327888488769531,0.3581047058105469,18.01300048828125
1772915523.7853627,20.946788647608294,165.23416325244247,4.529050663597127,24.3,5.810894012451172,0.0,243.0,8.59,51.121565103530884,0.0,9.15980339050293,0.44083595275878906,18.31650733947754
1772915523.8942285,20.609100277108972,165.23416325244247,4.529050663597127,25.0,5.800601959228516,0.0,243.0,8.53,51.18161201477051,0.0,10.376930236816406,0.3757476806640625,18.99862289428711
1772915524.0089705,20.50147680114579,165.23416325244247,4.529050663597127,22.3,5.815971374511719,0.0,243.0,8.53,51.24999284744263,0.0,9.552240371704102,0.3638267517089844,18.890380859375
1772915524.2626922,20.433069121788773,165.23416325244247,4.529050663597127,26.4,5.823993682861328,0.0,243.0,8.53,51.33426308631897,50.52781105041504,9.079217910766602,0.3199577331542969,69.46659088134766
1772915524.3830743,20.354452267050497,165.23416325244247,4.529050663597127,24.6,5.8238372802734375,0.0,243.0,8.59,51.32814049720764,0.0,11.8560791015625,0.42819976806640625,20.54142951965332
1772915524.4997573,20.304396395368386,165.23416325244247,4.529050663597127,32.6,5.809879302978516,0.0,243.0,8.59,51.52158975601196,0.0,9.19198989868164,0.3905296325683594,17.562150955200195
1772915524.6098995,20.239729621032573,165.23416325244247,4.529050663597127,33.8,5.803153991699219,0.0,243.0,8.56,51.49038910865784,0.0,9.215831756591797,0.5273818969726562,17.963886260986328
1772915524.8219116,20.173761964696897,165.23416325244247,4.529050663597127,33.9,5.8142852783203125,0.0,243.0,8.54,51.62294268608093,0.0,9.21320915222168,0.36835670471191406,18.305301666259766
1772915524.9838877,19.85416659682261,165.23416325244247,4.529050663597127,33.8,5.8123626708984375,0.0,243.0,8.55,51.6904079914093,50.997018814086914,8.821725845336914,0.3218650817871094,70.57046890258789
1772915525.096084,19.719098338249406,165.23416325244247,4.529050663597127,32.6,5.8123626708984375,0.0,243.0,8.6,51.84730648994446,0.0,9.355306625366211,0.3600120544433594,17.70806312561035
1772915525.219317,19.669642103651388,165.23416325244247,4.529050663597127,32.8,5.8131561279296875,0.0,243.0,8.6,51.95266842842102,0.0,10.59103012084961,0.7085800170898438,20.812273025512695
1772915525.3356988,19.279064308433675,165.23416325244247,4.529050663597127,35.2,5.799144744873047,0.0,243.0,8.61,51.87503695487976,0.0,9.331226348876953,0.38123130798339844,18.663883209228516
1772915525.5501995,19.15233194428167,165.23416325244247,4.529050663597127,35.8,5.817146301269531,0.0,243.0,8.55,51.96878671646118,0.0,10.458230972290039,0.42724609375,20.489931106567383
1772915525.7096868,19.121000381780455,165.23416325244247,4.529050663597127,36.0,5.8236083984375,0.0,243.0,8.54,52.135632038116455,46.69594764709473,8.634090423583984,0.30803680419921875,65.2463436126709
1772915525.8240256,19.00182893871103,165.23416325244247,4.529050663597127,32.6,5.8158721923828125,0.0,243.0,8.6,52.258570194244385,0.0,12.45427131652832,0.37026405334472656,21.39759063720703
1772915525.941942,18.959266021004606,165.23416325244247,4.529050663597127,33.1,5.8185272216796875,0.0,243.0,8.59,52.32053756713867,0.0,9.307622909545898,0.4088878631591797,18.149852752685547
1772915526.1670172,18.310179040950228,165.23416325244247,4.5232091536043395,37.5,5.824069976806641,0.0,243.0,8.53,52.3550009727478,0.0,12.727022171020508,0.3662109375,22.13907241821289
1772915526.2817466,18.202808990897974,165.23416325244247,4.5232091536043395,58.7,5.811252593994141,0.0,243.0,8.52,52.44461536407471,0.0,9.347915649414062,0.41484832763671875,18.28932762145996
1772915526.4454894,18.163752595763427,165.23416325244247,4.5232091536043395,24.1,5.807613372802734,0.0,243.0,8.52,52.59686827659607,49.6821403503418,9.013652801513672,0.39958953857421875,69.23031806945801
1772915526.5600255,18.068326355342688,165.23416325244247,4.5232091536043395,22.9,5.807842254638672,0.0,243.0,8.58,52.57891893386841,0.0,13.810157775878906,0.9427070617675781,24.261474609375
1772915526.7611988,18.042143012892698,165.23416325244247,4.5232091536043395,24.3,5.815761566162109,0.0,243.0,8.58,52.73073077201843,0.0,9.753704071044922,0.4229545593261719,18.474340438842773
1772915526.8741343,17.999436887390853,165.23416325244247,4.5232091536043395,24.8,5.8016815185546875,0.0,243.0,8.53,52.78672933578491,0.0,9.64665412902832,0.36907196044921875,17.637252807617188
1772915527.071586,17.471432961254152,165.23416325244247,4.5232091536043395,25.9,5.80810546875,0.0,243.0,8.53,52.704856395721436,0.0,9.124040603637695,0.36787986755371094,18.031597137451172
1772915527.3161504,17.347437906328373,165.23416325244247,4.5232091536043395,25.2,5.814411163330078,0.0,243.0,8.53,52.894394397735596,47.15108871459961,9.001970291137695,0.35881996154785156,65.80495834350586
1772915527.4267948,17.291536326325218,165.23416325244247,4.5232091536043395,22.7,5.810062408447266,0.0,243.0,8.6,53.04237723350525,0.0,9.36436653137207,0.4172325134277344,17.72141456604004
1772915527.5426025,17.28965864466015,165.23416325244247,4.5232091536043395,25.4,5.817981719970703,0.0,243.0,8.59,52.97080993652344,0.0,11.278867721557617,0.3654956817626953,19.973278045654297
1772915527.7473574,17.164506296270847,165.23416325244247,4.5232091536043395,24.1,5.823551177978516,0.0,243.0,8.53,53.05366516113281,0.0,9.270906448364258,0.39458274841308594,18.184185028076172
1772915527.9538536,17.102163009528034,165.23416325244247,4.5232091536043395,23.4,5.8084716796875,0.0,243.0,8.54,53.16182732582092,0.0,9.781122207641602,0.4811286926269531,19.211530685424805
1772915528.1194637,17.02628611884386,165.23416325244247,4.5232091536043395,23.3,5.808231353759766,0.0,243.0,8.54,53.22221040725708,49.436330795288086,9.187459945678711,0.41103363037109375,69.75245475769043
1772915528.2396917,16.96368926969309,165.23416325244247,4.5232091536043395,24.4,5.796634674072266,0.0,243.0,8.6,53.263065814971924,0.0,9.896278381347656,0.3790855407714844,18.428802490234375
1772915528.4451077,16.56129424992025,165.23416325244247,4.5232091536043395,22.7,5.7891387939453125,0.0,243.0,8.59,53.22480916976929,0.0,9.627819061279297,0.3952980041503906,18.198251724243164
1772915528.660987,16.547369677631355,165.23416325244247,4.5232091536043395,22.4,5.776813507080078,0.0,243.0,8.53,53.35639953613281,0.0,12.933015823364258,0.4336833953857422,21.561622619628906
1772915528.7804816,16.500655715825914,165.23416325244247,4.5232091536043395,24.8,5.801425933837891,0.0,243.0,8.52,53.43513011932373,0.0,9.484529495239258,0.362396240234375,17.876148223876953
1772915528.9448307,16.23990504801117,165.23416325244247,4.5232091536043395,22.4,5.808876037597656,0.0,243.0,8.52,53.443660736083984,53.536176681518555,8.791685104370117,0.3376007080078125,72.13735580444336
1772915529.064332,16.079833140902938,165.23416325244247,4.5232091536043395,22.5,5.810543060302734,0.0,243.0,8.58,53.545159101486206,0.0,13.345718383789062,0.5719661712646484,23.14925193786621
1772915529.173601,16.03662575201306,165.23416325244247,4.5232091536043395,24.5,5.80389404296875,0.0,243.0,8.57,53.58901023864746,0.0,9.120941162109375,0.3771781921386719,17.494678497314453
1772915529.3810265,15.477992085816945,165.23416325244247,4.5232091536043395,25.2,5.804283142089844,0.0,243.0,8.51,53.53453040122986,0.0,10.261058807373047,0.37980079650878906,19.971609115600586
1772915529.4965625,15.372170344713343,165.23416325244247,4.5232091536043395,25.5,5.804107666015625,0.0,243.0,8.51,53.679200410842896,0.0,11.055469512939453,0.39386749267578125,20.342350006103516
1772915529.671639,15.327254448049564,165.23416325244247,4.5232091536043395,24.1,5.7914581298828125,0.0,243.0,8.51,53.781633377075195,50.71759223937988,9.304046630859375,0.34880638122558594,70.16897201538086
1772915529.786772,14.68054893724371,165.23416325244247,4.5232091536043395,25.5,5.789478302001953,0.0,243.0,8.56,53.75571846961975,0.0,9.443283081054688,0.39696693420410156,18.433094024658203
1772915529.903304,14.576654641287753,165.23416325244247,4.5232091536043395,23.4,5.791160583496094,0.0,243.0,8.57,53.938578367233276,0.0,10.152101516723633,0.42700767517089844,19.05512809753418
1772915530.01414,14.540209251507044,165.23416325244247,4.5232091536043395,24.2,5.784832000732422,0.0,243.0,8.56,54.00913953781128,0.0,8.877992630004883,0.3654956817626953,18.164396286010742
1772915530.2188368,13.734461574926206,116.16639893646486,4.5232091536043395,22.8,5.81292724609375,0.0,243.0,8.5,53.95954728126526,0.0,9.295225143432617,0.4088878631591797,18.384933471679688
1772915530.3845608,13.623192108099342,116.16639893646486,4.5232091536043395,24.1,5.809581756591797,0.0,243.0,8.51,54.117350578308105,50.15301704406738,9.012222290039062,0.34236907958984375,69.8542594909668
1772915530.4979582,13.576943689314941,116.16639893646486,4.5232091536043395,25.3,5.817272186279297,0.0,243.0,8.57,54.2544424533844,0.0,10.751008987426758,0.8842945098876953,21.60048484802246
1772915530.611336,13.0358561486362,71.84733975127617,4.5232091536043395,26.3,5.805156707763672,0.0,243.0,8.57,54.15521740913391,0.0,8.873224258422852,0.3719329833984375,17.194032669067383
1772915530.8150702,12.87430021753813,71.84733975127617,4.5232091536043395,22.9,5.786167144775391,0.0,243.0,8.53,54.193490743637085,0.0,9.328603744506836,0.3719329833984375,18.049240112304688
1772915531.0138123,12.829041625025232,71.84733975127617,4.5232091536043395,24.3,5.801937103271484,0.0,243.0,8.5,54.59038853645325,0.0,9.228229522705078,0.36597251892089844,18.021583557128906
1772915531.1817303,12.733236442741445,71.84733975127617,4.5232091536043395,23.5,5.802177429199219,0.0,243.0,8.51,54.705843925476074,51.404476165771484,9.436845779418945,0.32830238342285156,70.9228515625
1772915531.299477,12.690472305301117,71.84733975127617,4.5232091536043395,24.5,5.793003082275391,0.0,243.0,8.56,54.82053995132446,0.0,10.133743286132812,0.36334991455078125,19.370555877685547
1772915531.4124334,12.52699343597441,71.84733975127617,4.5232091536043395,30.6,5.7944183349609375,0.0,243.0,8.55,54.827436208724976,0.0,9.533405303955078,0.3635883331298828,17.808198928833008
1772915531.619478,12.485749740033585,71.84733975127617,4.5232091536043395,24.3,5.812923431396484,0.0,243.0,8.49,54.9136221408844,0.0,9.53221321105957,0.3948211669921875,17.95673370361328
1772915531.7325113,12.317800803601456,71.84733975127617,4.5232091536043395,23.7,5.813404083251953,0.0,243.0,8.5,54.99947667121887,0.0,11.764764785766602,0.37980079650878906,21.026134490966797
1772915531.890591,12.30231850864242,71.84733975127617,4.5232091536043395,24.0,5.814125061035156,0.0,243.0,8.5,55.0317907333374,47.438621520996094,9.404897689819336,0.4017353057861328,66.21432304382324
1772915532.0087419,12.022136184984854,71.84733975127617,4.5232091536043395,23.8,5.806846618652344,0.0,243.0,8.56,54.974236488342285,0.0,9.499073028564453,0.362396240234375,18.503904342651367
1772915532.2120955,11.98155149081924,71.84733975127617,4.5232091536043395,22.9,5.806846618652344,0.0,243.0,8.56,55.01257300376892,0.0,10.541915893554688,0.43892860412597656,19.70052719116211
1772915532.421688,11.791739624341039,71.84733975127617,4.5232091536043395,22.8,5.806915283203125,0.0,243.0,8.5,55.048569440841675,0.0,9.701967239379883,0.4851818084716797,19.519329071044922
1772915532.544375,11.769379588967194,71.84733975127617,4.5232091536043395,28.2,5.806831359863281,0.0,243.0,8.51,55.07691025733948,0.0,11.44099235534668,0.46753883361816406,20.19190788269043
1772915532.8045034,11.663150780325452,71.84733975127617,4.5232091536043395,24.3,5.8190765380859375,0.0,243.0,8.5,55.11623501777649,46.44346237182617,9.015798568725586,0.3688335418701172,65.60850143432617
1772915532.9225924,11.61742257356931,71.84733975127617,4.5232091536043395,23.5,5.796165466308594,0.0,243.0,8.55,55.11450171470642,0.0,9.931802749633789,0.3681182861328125,19.719362258911133
1772915533.0366666,11.358892475059127,71.84733975127617,4.5232091536043395,25.4,5.811305999755859,0.0,243.0,8.55,55.19051432609558,0.0,10.320901870727539,0.39458274841308594,19.103288650512695
1772915533.1543708,11.337776979189671,71.84733975127617,4.5232091536043395,23.9,5.822772979736328,0.0,243.0,8.49,55.268635749816895,0.0,9.422779083251953,0.36334991455078125,19.65928077697754
1772915533.2700791,11.150274876114276,71.84733975127617,4.5232091536043395,27.9,5.811916351318359,0.0,243.0,8.49,55.36786675453186,0.0,10.381221771240234,0.3688335418701172,19.343137741088867
1772915533.4429922,11.141503286491332,71.84733975127617,4.5232091536043395,26.8,5.810459136962891,0.0,243.0,8.49,55.46821594238281,50.80771446228027,8.80289077758789,0.34236907958984375,70.16873359680176
1772915533.5634105,11.10669223427042,71.84733975127617,4.5232091536043395,23.6,5.814304351806641,0.0,243.0,8.56,55.578373670578,0.0,12.399673461914062,0.3859996795654297,21.296262741088867
1772915533.6834009,10.926284205940604,71.84733975127617,4.5232091536043395,24.1,5.815986633300781,0.0,243.0,8.56,55.57001233100891,0.0,11.944293975830078,0.36215782165527344,20.368099212646484
1772915533.8879788,10.888179224704379,71.84733975127617,4.5232091536043395,23.8,5.814167022705078,0.0,243.0,8.56,55.63252806663513,0.0,11.784553527832031,0.39696693420410156,21.314382553100586
1772915533.9999828,10.672394592718797,71.84733975127617,4.5232091536043395,23.7,5.814720153808594,0.0,243.0,8.5,55.689404010772705,0.0,10.678291320800781,0.8358955383300781,21.082401275634766
1772915534.17084,10.661148746616892,71.84733975127617,4.5232091536043395,25.0,5.805309295654297,0.0,243.0,8.49,55.76124906539917,49.43490028381348,9.922504425048828,0.3590583801269531,69.58293914794922
1772915534.2855945,10.331238742247885,71.84733975127617,4.5232091536043395,27.4,5.8038330078125,0.0,243.0,8.55,55.68155646324158,0.0,9.311199188232422,0.6515979766845703,18.49651336669922
1772915534.4043083,10.302408848852679,71.84733975127617,4.5232091536043395,24.1,5.799976348876953,0.0,243.0,8.55,55.7900869846344,0.0,9.77015495300293,0.3743171691894531,18.890380859375
1772915534.5242317,10.0897698882981,71.84733975127617,4.5232091536043395,23.9,5.785381317138672,0.0,243.0,8.55,55.813071727752686,0.0,9.53984260559082,0.35881996154785156,18.755197525024414
1772915534.6359992,10.072374044982155,71.84733975127617,4.5232091536043395,24.1,5.80108642578125,0.0,243.0,8.48,55.952603816986084,0.0,11.824846267700195,0.3941059112548828,20.763158798217773
1772915534.8076313,9.99131227223695,71.84733975127617,4.5232091536043395,24.2,5.808559417724609,0.0,243.0,8.48,55.981587171554565,48.61783981323242,9.405374526977539,0.3266334533691406,68.24803352355957
1772915534.9191992,9.949186351342494,71.84733975127617,4.5232091536043395,22.7,5.789463043212891,0.0,243.0,8.54,55.941466093063354,0.0,9.601831436157227,0.3674030303955078,18.840789794921875
1772915535.0344095,9.636636871685925,71.84733975127617,4.5232091536043395,23.5,5.789703369140625,0.0,243.0,8.55,55.96668004989624,0.0,9.812593460083008,0.4124641418457031,19.112825393676758
1772915535.149651,9.614983274676206,71.84733975127617,4.5232091536043395,25.2,5.812534332275391,0.0,243.0,8.55,56.000733375549316,0.0,9.662628173828125,0.37288665771484375,18.418073654174805
1772915535.364221,9.378080878512545,71.84733975127617,4.5232091536043395,25.9,5.790088653564453,0.0,243.0,8.49,56.04067921638489,0.0,11.475086212158203,0.3962516784667969,21.05116844177246
1772915535.5369422,9.37162663471672,71.84733975127617,4.5232091536043395,25.0,5.793842315673828,0.0,243.0,8.49,56.076316833496094,55.271148681640625,9.612321853637695,0.36907196044921875,75.28924942016602
1772915535.6510663,9.334386800364726,71.84733975127617,4.5232091536043395,23.1,5.801292419433594,0.0,243.0,8.54,56.11715316772461,0.0,8.847951889038086,0.3771781921386719,18.826007843017578
1772915535.8660772,9.138833599960131,71.84733975127617,4.5232091536043395,21.1,5.810493469238281,0.0,243.0,8.55,56.17243409156799,0.0,12.590885162353516,0.5433559417724609,22.18794822692871
1772915535.9857535,9.116283599022713,71.84733975127617,4.5232091536043395,24.3,5.786895751953125,0.0,243.0,8.5,56.22997760772705,0.0,9.434938430786133,0.3662109375,18.419981002807617
1772915536.1915593,8.884961360248347,71.84733975127617,4.5232091536043395,22.5,5.809726715087891,0.0,243.0,8.5,56.25085949897766,0.0,9.700536727905273,0.45752525329589844,18.704652786254883
1772915536.3553877,8.877317971443565,71.84733975127617,4.5232091536043395,26.0,5.823162078857422,0.0,243.0,8.51,56.55389070510864,53.740739822387695,8.934974670410156,0.35572052001953125,73.09794425964355
1772915536.4751906,8.545526311283453,71.84733975127617,4.5232091536043395,23.9,5.811492919921875,0.0,243.0,8.57,56.59559607505798,0.0,9.222745895385742,0.3650188446044922,17.93360710144043
1772915536.585615,8.520569986420808,71.84733975127617,4.5232091536043395,23.7,5.812137603759766,0.0,243.0,8.57,56.61234378814697,0.0,9.541988372802734,0.38504600524902344,19.3328857421875
1772915536.7009287,8.331867343446879,71.84733975127617,4.5232091536043395,23.5,5.819801330566406,0.0,243.0,8.52,56.681965589523315,0.0,11.705636978149414,0.4146099090576172,19.996166229248047
1772915536.816664,8.31004324253049,71.84733975127617,4.5232091536043395,25.8,5.823146820068359,0.0,243.0,8.51,56.73174858093262,0.0,9.144783020019531,0.4153251647949219,18.022537231445312
1772915537.0759351,8.220387358467613,71.84733975127617,4.5232091536043395,23.5,5.815925598144531,0.0,243.0,8.51,56.74133062362671,55.376291275024414,8.817434310913086,0.335693359375,74.02467727661133
1772915537.1961598,8.173310755982127,71.84733975127617,4.5232091536043395,23.4,5.819751739501953,0.0,243.0,8.57,56.73481583595276,0.0,10.355234146118164,0.43272972106933594,20.097017288208008
1772915537.312831,7.854846216393403,66.74258071702496,4.5232091536043395,25.9,5.816673278808594,0.0,243.0,8.58,56.65396451950073,0.0,9.362936019897461,0.43773651123046875,18.753528594970703
1772915537.5280392,7.813536330126283,66.74258071702496,4.5232091536043395,25.7,5.819671630859375,0.0,243.0,8.53,56.73341989517212,0.0,9.882450103759766,0.6189346313476562,21.180391311645508
1772915537.6484177,7.804218209774654,66.74258071702496,4.5232091536043395,33.1,5.813243865966797,0.0,243.0,8.52,56.708834171295166,0.0,9.437799453735352,0.3905296325683594,18.2492733001709
1772915537.9026718,7.7061828602840405,66.74258071702496,4.5232091536043395,32.1,5.813892364501953,0.0,243.0,8.53,56.705743074417114,48.274993896484375,9.794473648071289,0.33283233642578125,67.78764724731445
1772915538.0160592,7.659453000551016,66.74258071702496,4.5232091536043395,35.4,5.809730529785156,0.0,243.0,8.59,56.64209246635437,0.0,9.610414505004883,0.377655029296875,18.85199546813965
1772915538.2436986,7.346544339894591,48.605942613452,4.473757246396135,60.2,5.839111328125,0.0,243.0,8.57,56.70548677444458,0.0,13.26441764831543,0.37479400634765625,22.972822189331055
1772915538.373825,7.32102176350265,48.605942613452,4.473757246396135,41.7,5.843112945556641,0.0,243.0,8.52,56.86181902885437,0.0,10.53762435913086,0.3635883331298828,19.45042610168457
1772915538.505728,7.115181623140197,11.018128419929965,4.473757246396135,52.8,5.8350067138671875,0.0,243.0,8.51,57.10745573043823,0.0,11.141061782836914,0.4382133483886719,20.530223846435547
1772915538.6951683,7.107233870594001,11.018128419929965,4.473757246396135,54.7,5.828830718994141,0.0,243.0,8.51,57.25534915924072,54.9015998840332,9.20557975769043,0.3380775451660156,75.5147933959961
1772915538.8117137,7.080632467966817,9.342932496970562,4.473757246396135,40.3,5.825325012207031,0.0,243.0,8.56,57.22195386886597,0.0,9.132862091064453,0.3838539123535156,17.380475997924805
1772915539.033796,7.056907616983719,9.342932496970562,4.473757246396135,30.0,5.842765808105469,0.0,243.0,8.56,57.33173727989197,0.0,10.736465454101562,0.45108795166015625,19.99044418334961
1772915539.1496034,7.054545049731386,9.342932496970562,4.473757246396135,36.2,5.830047607421875,0.0,243.0,8.51,57.322572469711304,0.0,9.436368942260742,0.4200935363769531,18.445968627929688
1772915539.3647304,7.0334871874064016,9.342932496970562,4.473757246396135,25.7,5.814365386962891,0.0,243.0,8.5,57.32662558555603,0.0,9.304523468017578,0.36644935607910156,19.596576690673828
1772915539.5510786,7.050915551432233,9.342932496970562,4.473757246396135,30.5,5.825408935546875,0.0,243.0,8.5,57.209229469299316,65.43898582458496,8.798360824584961,0.34117698669433594,84.11264419555664
1772915539.6884968,7.053005863357532,9.342932496970562,4.473757246396135,28.8,5.818080902099609,0.0,243.0,8.58,57.21408486366272,0.0,9.645700454711914,0.3781318664550781,19.286632537841797
1772915539.8044984,7.055002284140822,9.342932496970562,4.473757246396135,25.5,5.823383331298828,0.0,243.0,8.58,57.03583478927612,0.0,9.129524230957031,0.37097930908203125,17.827987670898438
1772915539.9164457,7.058687504433058,9.342932496970562,4.473757246396135,24.6,5.823860168457031,0.0,243.0,8.53,56.968398094177246,0.0,9.113073348999023,0.36072731018066406,17.763376235961914
1772915540.1247053,7.039931308983669,9.342932496970562,4.473757246396135,23.3,5.820858001708984,0.0,243.0,8.54,56.82429313659668,0.0,10.269403457641602,0.4124641418457031,19.207477569580078
1772915540.296436,7.052494145103705,9.342932496970562,4.473757246396135,29.5,5.817012786865234,0.0,243.0,8.53,56.83243751525879,55.84359169006348,9.214162826538086,0.34236907958984375,77.12936401367188
1772915540.4214175,7.056193241698951,9.342932496970562,4.473757246396135,23.4,5.8017120361328125,0.0,243.0,8.59,56.794341802597046,0.0,9.901762008666992,0.3535747528076172,18.956422805786133
1772915540.543407,7.055912209247793,9.342932496970562,4.473757246396135,22.1,5.800601959228516,0.0,243.0,8.6,56.95498585700989,0.0,13.408899307250977,0.3743171691894531,22.925615310668945
1772915540.6666365,7.05115139916829,9.342932496970562,4.473757246396135,25.5,5.800830841064453,0.0,243.0,8.55,56.995744705200195,0.0,10.411500930786133,0.4012584686279297,19.54197883605957
1772915540.7882981,7.0486128058576165,9.342932496970562,4.473757246396135,26.7,5.810031890869141,0.0,243.0,8.54,56.9228458404541,0.0,9.06229019165039,0.35953521728515625,17.517566680908203
1772915540.958291,7.065000696628563,9.342932496970562,4.473757246396135,23.2,5.802242279052734,0.0,243.0,8.54,56.996649503707886,55.85455894470215,9.299278259277344,0.3440380096435547,75.12927055358887
1772915541.0789726,7.0492833538294715,9.342932496970562,4.473757246396135,25.1,5.817852020263672,0.0,243.0,8.58,57.07172393798828,0.0,9.868860244750977,0.3972053527832031,18.204689025878906
1772915541.2830958,7.031135846446574,9.342932496970562,4.473757246396135,24.1,5.8110809326171875,0.0,243.0,8.57,56.9315767288208,0.0,9.884357452392578,0.35953521728515625,17.76742935180664
1772915541.5006156,7.00745210576518,9.287056411346482,4.473757246396135,25.2,5.807498931884766,0.0,243.0,8.51,56.9495689868927,0.0,9.837150573730469,0.49757957458496094,19.284725189208984
1772915541.616744,7.00682808145837,9.287056411346482,4.473757246396135,27.6,5.823062896728516,0.0,243.0,8.51,56.84760093688965,0.0,9.519577026367188,0.37217140197753906,19.028902053833008
1772915541.8652055,7.000405821822708,9.287056411346482,4.473757246396135,25.7,5.822582244873047,0.0,243.0,8.5,56.843013763427734,47.266244888305664,9.097814559936523,0.3600120544433594,66.56241416931152
1772915541.9777918,6.987833997310712,9.287056411346482,4.473757246396135,23.9,5.822582244873047,0.0,243.0,8.56,56.82973504066467,0.0,11.959314346313477,0.3681182861328125,21.01445198059082
1772915542.090926,7.007194870753413,9.287056411346482,4.473757246396135,23.7,5.832859039306641,0.0,243.0,8.53,56.82706952095032,0.0,9.907245635986328,0.4436969757080078,18.714189529418945
1772915542.2998369,6.986820381822338,9.287056411346482,4.473757246396135,23.0,5.819835662841797,0.0,243.0,8.52,56.82431697845459,0.0,10.396718978881836,0.3807544708251953,19.754886627197266
1772915542.4990718,6.969126768950046,9.287056411346482,4.473757246396135,23.1,5.823814392089844,0.0,243.0,8.52,56.75619125366211,0.0,9.946584701538086,0.42057037353515625,19.191265106201172
1772915542.6636837,6.981691519222841,9.287056411346482,4.473757246396135,26.2,5.820087432861328,0.0,243.0,8.53,56.841368675231934,49.51620101928711,9.531974792480469,0.33354759216308594,69.22006607055664
1772915542.7762463,6.966884057244849,9.287056411346482,4.473757246396135,24.0,5.8311920166015625,0.0,243.0,8.59,56.94387674331665,0.0,9.059667587280273,0.4565715789794922,17.712831497192383
1772915542.888925,6.967816792610774,9.287056411346482,4.473757246396135,23.1,5.830852508544922,0.0,243.0,8.59,56.720560789108276,0.0,10.117769241333008,0.40411949157714844,18.238544464111328
1772915543.0042186,6.968125534667531,9.287056411346482,4.473757246396135,23.4,5.815914154052734,0.0,243.0,8.56,56.65742874145508,0.0,11.952400207519531,0.37598609924316406,20.322322845458984
1772915543.1146033,6.966390200430931,9.287056411346482,4.473757246396135,25.9,5.83123779296875,0.0,243.0,8.54,56.584744453430176,0.0,9.727954864501953,0.37407875061035156,18.616676330566406
1772915543.3787441,6.960467008822429,9.287056411346482,4.473757246396135,23.9,5.820011138916016,0.0,243.0,8.54,56.5396249294281,49.54695701599121,9.55653190612793,0.31256675720214844,69.2596435546875
1772915543.4908,6.946332484306632,9.287056411346482,4.473757246396135,24.2,5.794574737548828,0.0,243.0,8.61,56.46113395690918,0.0,9.16600227355957,0.362396240234375,17.418861389160156
1772915543.60399,6.967544423151353,9.287056411346482,4.473757246396135,23.6,5.79449462890625,0.0,243.0,8.6,56.55075430870056,0.0,9.270668029785156,0.3666877746582031,18.15629005432129
1772915543.807843,6.949539404270177,9.287056411346482,4.473757246396135,23.6,5.818511962890625,0.0,243.0,8.59,56.5683388710022,0.0,11.955976486206055,0.4794597625732422,22.388935089111328
1772915543.919724,6.948884585408842,9.287056411346482,4.473757246396135,26.9,5.8067779541015625,0.0,243.0,8.56,56.58474922180176,0.0,9.377479553222656,0.3979206085205078,18.117666244506836
1772915544.1874328,6.9425215831349885,9.287056411346482,4.473757246396135,25.2,5.806766510009766,0.0,243.0,8.55,56.58051013946533,55.20510673522949,9.703397750854492,0.37360191345214844,75.48236846923828
1772915544.3042498,6.929328998558504,9.287056411346482,4.473757246396135,23.9,5.789344787597656,0.0,243.0,8.6,56.612199544906616,0.0,10.163545608520508,0.41985511779785156,19.016742706298828
1772915544.4256122,6.947128070761686,9.287056411346482,4.473757246396135,26.7,5.817272186279297,0.0,243.0,8.6,56.64754629135132,0.0,10.432958602905273,0.39196014404296875,20.5385684967041
1772915544.5450149,6.944677812230519,9.287056411346482,4.473757246396135,44.9,5.828910827636719,0.0,243.0,8.59,56.740959882736206,0.0,10.865449905395508,0.3991127014160156,20.265579223632812
1772915544.6693928,6.942040082285489,9.287056411346482,4.473757246396135,27.3,5.829448699951172,0.0,243.0,8.52,56.72053575515747,0.0,10.943889617919922,0.4901885986328125,20.942211151123047
1772915544.8431656,6.954239304163904,9.287056411346482,4.473757246396135,25.7,5.836193084716797,0.0,243.0,8.51,56.71275496482849,53.25126647949219,12.261390686035156,0.3974437713623047,76.08604431152344
1772915544.962383,6.958009661262058,9.287056411346482,4.473757246396135,24.6,5.828281402587891,0.0,243.0,8.56,56.752692461013794,0.0,9.392499923706055,0.362396240234375,19.07944679260254
1772915545.0818381,6.975385783038969,9.287056411346482,4.473757246396135,23.1,5.827121734619141,0.0,243.0,8.57,56.87613010406494,0.0,9.639978408813477,0.39196014404296875,18.910646438598633
1772915545.2988327,6.954287055416686,9.287056411346482,4.473757246396135,22.9,5.822910308837891,0.0,243.0,8.56,56.895503997802734,0.0,9.093523025512695,0.37169456481933594,19.27947998046875
1772915545.422059,6.952019872405229,9.287056411346482,4.473757246396135,26.7,5.818370819091797,0.0,243.0,8.49,56.80019974708557,0.0,9.803533554077148,0.3917217254638672,18.65363121032715
1772915545.6731918,6.9464880753589435,9.287056411346482,4.473757246396135,25.0,5.813152313232422,0.0,243.0,8.5,56.80969476699829,46.45657539367676,8.611917495727539,0.3235340118408203,64.81337547302246
1772915545.7830415,6.9544246077782175,9.287056411346482,4.473757246396135,22.6,5.814327239990234,0.0,243.0,8.57,56.768096685409546,0.0,9.251117706298828,0.3650188446044922,17.645597457885742
1772915545.9829192,6.935924482780069,9.287056411346482,4.473757246396135,22.5,5.8294677734375,0.0,243.0,8.53,56.83562636375427,0.0,10.862350463867188,0.4391670227050781,20.266294479370117
1772915546.102821,6.953207606605335,9.287056411346482,4.473757246396135,24.8,5.813228607177734,0.0,243.0,8.53,56.77014708518982,0.0,10.154247283935547,0.37288665771484375,19.145488739013672
1772915546.217768,6.954524526277189,9.287056411346482,4.473757246396135,32.6,5.798152923583984,0.0,243.0,8.52,56.90802574157715,0.0,10.456562042236328,0.4215240478515625,19.56486701965332
